Customer_ID,Age,Tenure,Monthly_Charges,Total_Charges,Monthly_Usage_Hours,Customer_Support_Contacts,Contract_Type,Internet_Service,Payment_Method,Has_Tech_Support,Has_Online_Backup,Churn
CUST_00001,56,10,63.02,5201.35,503,4,One year,DSL,Bank transfer,Yes,No,0
CUST_00002,69,25,78.34,453.75,454,3,Month-to-month,DSL,Credit card,No,No,0
CUST_00003,46,62,107.02,6119.06,103,4,One year,No,Electronic check,Yes,Yes,0
CUST_00004,32,58,38.95,7578.49,76,7,Month-to-month,DSL,Bank transfer,No,No,0
CUST_00005,60,26,78.43,2784.17,229,2,Two year,Fiber optic,Bank transfer,Yes,No,0
CUST_00006,25,48,96.42,4186.19,257,6,One year,DSL,Mailed check,Yes,Yes,0
CUST_00007,78,32,143.32,3093.39,263,5,Month-to-month,No,Electronic check,No,Yes,0
CUST_00008,38,0,52.83,153.01,330,0,One year,No,Credit card,Yes,Yes,0
CUST_00009,56,20,66.7,3148.41,181,6,Two year,Fiber optic,Mailed check,Yes,Yes,0
CUST_00010,75,54,69.32,6354.59,549,6,Month-to-month,Fiber optic,Bank transfer,Yes,Yes,0
CUST_00011,36,5,98.72,4808.31,687,0,Month-to-month,No,Mailed check,Yes,No,1
CUST_00012,40,68,66.38,899.95,26,8,Month-to-month,No,Mailed check,No,Yes,0
CUST_00013,28,4,89.36,6792.4,275,5,Two year,No,Bank transfer,No,No,0
CUST_00014,28,2,121.63,4295.57,651,1,Two year,Fiber optic,Electronic check,Yes,No,0
CUST_00015,41,52,111.7,6749.61,298,4,Two year,No,Electronic check,Yes,Yes,0
CUST_00016,70,22,78.03,4683.75,90,3,Month-to-month,No,Mailed check,No,No,0
CUST_00017,53,52,132.35,4521.54,479,6,Two year,Fiber optic,Bank transfer,Yes,No,0
CUST_00018,57,36,92.56,931.55,572,7,One year,DSL,Credit card,No,Yes,0
CUST_00019,41,16,90.19,1422.14,457,0,Two year,DSL,Mailed check,Yes,No,0
CUST_00020,20,0,24.44,7779.0,450,4,Month-to-month,No,Credit card,No,Yes,1
CUST_00021,39,50,148.27,1905.05,364,2,One year,DSL,Mailed check,No,Yes,0
CUST_00022,70,44,35.99,7821.87,674,0,Two year,DSL,Mailed check,No,Yes,0
CUST_00023,19,3,50.05,4302.11,350,2,One year,DSL,Bank transfer,No,No,0
CUST_00024,41,61,26.72,1172.73,654,5,One year,DSL,Bank transfer,Yes,No,0
CUST_00025,61,64,103.2,884.49,399,6,Month-to-month,No,Credit card,Yes,No,1
CUST_00026,47,31,49.21,1750.03,252,7,One year,DSL,Credit card,No,No,0
CUST_00027,55,33,43.4,7412.53,458,3,One year,DSL,Electronic check,No,Yes,0
CUST_00028,19,71,31.51,3371.79,698,2,Month-to-month,Fiber optic,Bank transfer,No,No,0
CUST_00029,77,38,33.43,3223.93,498,4,Month-to-month,No,Mailed check,No,Yes,0
CUST_00030,38,25,96.01,2574.33,507,8,Month-to-month,Fiber optic,Mailed check,Yes,No,0
CUST_00031,50,33,109.47,1261.79,303,5,One year,Fiber optic,Electronic check,No,No,0
CUST_00032,29,53,71.66,3954.02,500,8,One year,No,Bank transfer,No,No,0
CUST_00033,75,2,82.39,1127.38,597,5,One year,DSL,Mailed check,No,No,0
CUST_00034,39,49,109.18,6700.29,165,1,Month-to-month,Fiber optic,Electronic check,No,No,0
CUST_00035,78,11,22.26,3026.14,414,4,Two year,No,Electronic check,No,Yes,0
CUST_00036,61,64,62.01,3060.95,461,8,One year,DSL,Mailed check,No,No,0
CUST_00037,42,53,146.5,3844.65,113,7,Two year,No,Mailed check,No,No,0
CUST_00038,66,4,95.41,3608.61,432,6,Month-to-month,Fiber optic,Credit card,Yes,No,1
CUST_00039,44,56,53.05,7959.38,355,0,One year,DSL,Bank transfer,No,No,0
CUST_00040,76,16,87.82,4408.51,694,3,Two year,DSL,Credit card,No,Yes,0
CUST_00041,59,46,64.54,796.79,206,6,One year,No,Electronic check,No,No,0
CUST_00042,45,22,89.19,4894.33,234,6,One year,DSL,Mailed check,Yes,Yes,0
CUST_00043,77,13,36.35,1297.52,441,5,One year,Fiber optic,Credit card,Yes,No,0
CUST_00044,33,65,37.25,344.41,354,7,Two year,Fiber optic,Electronic check,Yes,Yes,0
CUST_00045,32,50,38.66,7768.86,514,5,Month-to-month,Fiber optic,Bank transfer,No,Yes,0
CUST_00046,79,37,142.18,6210.96,207,9,One year,No,Mailed check,No,Yes,0
CUST_00047,79,63,115.28,7842.86,708,2,Month-to-month,DSL,Credit card,No,Yes,0
CUST_00048,64,37,41.11,3875.24,124,3,Month-to-month,DSL,Bank transfer,Yes,Yes,0
CUST_00049,79,49,44.49,4304.83,137,2,Two year,DSL,Credit card,No,No,0
CUST_00050,68,29,115.01,1429.86,338,0,Two year,Fiber optic,Electronic check,Yes,Yes,0
CUST_00051,61,50,40.3,2050.57,536,9,Month-to-month,DSL,Bank transfer,Yes,No,0
CUST_00052,72,62,50.49,6724.54,67,4,One year,Fiber optic,Credit card,Yes,Yes,0
CUST_00053,69,51,145.24,2913.87,572,0,Two year,DSL,Bank transfer,Yes,Yes,0
CUST_00054,74,37,53.19,6631.84,540,0,One year,Fiber optic,Electronic check,Yes,No,0
CUST_00055,20,29,106.01,5701.21,382,1,One year,DSL,Bank transfer,No,Yes,0
CUST_00056,54,50,147.22,1499.65,18,3,One year,No,Credit card,No,Yes,0
CUST_00057,68,4,68.66,4108.83,682,5,Month-to-month,No,Electronic check,Yes,Yes,1
CUST_00058,24,28,22.28,5451.36,449,7,One year,Fiber optic,Mailed check,No,Yes,0
CUST_00059,38,3,51.74,1956.79,73,2,Month-to-month,Fiber optic,Credit card,No,No,0
CUST_00060,26,9,128.01,6662.44,572,0,Month-to-month,DSL,Credit card,Yes,Yes,0
CUST_00061,56,55,132.4,4404.14,664,2,One year,DSL,Electronic check,Yes,Yes,0
CUST_00062,35,16,119.91,1405.41,275,2,One year,No,Electronic check,No,No,0
CUST_00063,21,16,34.7,4705.58,47,4,One year,DSL,Mailed check,No,No,0
CUST_00064,42,68,123.42,7997.74,210,3,One year,Fiber optic,Credit card,No,Yes,0
CUST_00065,77,33,139.43,1289.12,650,3,Month-to-month,Fiber optic,Electronic check,No,Yes,0
CUST_00066,31,5,98.08,6552.38,621,8,One year,Fiber optic,Mailed check,Yes,No,1
CUST_00067,67,52,142.31,1737.74,694,6,One year,Fiber optic,Mailed check,No,Yes,0
CUST_00068,75,65,127.49,6280.87,539,3,Month-to-month,Fiber optic,Electronic check,Yes,No,0
CUST_00069,26,42,106.71,5903.17,708,2,Two year,No,Credit card,Yes,Yes,0
CUST_00070,43,22,95.03,2473.87,190,5,Two year,No,Bank transfer,No,No,0
CUST_00071,70,54,65.31,2674.0,314,2,Month-to-month,Fiber optic,Bank transfer,No,No,0
CUST_00072,19,15,40.71,6360.92,562,5,Two year,DSL,Mailed check,No,No,0
CUST_00073,37,7,98.64,3745.42,660,8,Month-to-month,Fiber optic,Bank transfer,Yes,Yes,0
CUST_00074,45,3,61.35,5873.46,561,5,One year,No,Bank transfer,Yes,Yes,0
CUST_00075,64,3,132.64,1269.07,112,3,One year,Fiber optic,Electronic check,Yes,Yes,0
CUST_00076,77,55,149.13,6835.21,169,4,Two year,No,Mailed check,Yes,Yes,0
CUST_00077,24,24,117.82,5715.99,467,5,One year,No,Credit card,No,No,0
CUST_00078,61,66,31.76,7264.85,677,2,Two year,Fiber optic,Mailed check,Yes,No,0
CUST_00079,78,66,57.53,1145.74,13,7,Two year,Fiber optic,Electronic check,Yes,No,0
CUST_00080,25,26,34.18,4784.81,714,3,One year,DSL,Bank transfer,No,Yes,0
CUST_00081,64,31,104.57,4833.05,287,7,One year,No,Credit card,Yes,Yes,0
CUST_00082,52,49,119.47,2892.34,188,9,Two year,DSL,Mailed check,Yes,Yes,0
CUST_00083,31,60,140.34,3721.88,154,9,One year,Fiber optic,Bank transfer,No,No,0
CUST_00084,34,50,76.96,400.05,566,2,Month-to-month,No,Mailed check,Yes,Yes,0
CUST_00085,53,18,137.18,5992.29,693,9,One year,DSL,Credit card,Yes,Yes,1
CUST_00086,67,20,134.13,4439.65,470,6,One year,DSL,Mailed check,Yes,No,1
CUST_00087,57,4,61.24,556.15,74,8,Month-to-month,DSL,Mailed check,Yes,No,1
CUST_00088,21,41,132.96,5477.97,276,3,One year,Fiber optic,Mailed check,No,Yes,0
CUST_00089,19,60,68.84,3787.58,644,7,One year,Fiber optic,Bank transfer,Yes,No,0
CUST_00090,79,21,58.59,372.24,342,2,Two year,Fiber optic,Credit card,No,Yes,0
CUST_00091,23,20,104.38,7759.9,424,6,One year,No,Credit card,Yes,No,0
CUST_00092,71,69,62.69,7597.99,570,2,One year,Fiber optic,Bank transfer,No,No,0
CUST_00093,59,0,101.93,4151.93,510,6,Month-to-month,No,Bank transfer,No,No,1
CUST_00094,21,4,99.28,840.01,181,9,Two year,DSL,Bank transfer,No,Yes,1
CUST_00095,71,11,93.25,6061.51,457,9,Two year,DSL,Electronic check,Yes,Yes,0
CUST_00096,46,45,69.45,3986.26,63,5,Two year,Fiber optic,Mailed check,Yes,Yes,0
CUST_00097,35,33,91.3,2489.34,259,1,One year,DSL,Mailed check,Yes,No,0
CUST_00098,43,48,97.54,3982.2,192,2,Two year,Fiber optic,Credit card,No,No,0
CUST_00099,61,44,90.94,4227.31,654,5,Month-to-month,No,Mailed check,Yes,No,0
CUST_00100,51,26,77.77,4545.42,615,3,Two year,DSL,Electronic check,Yes,No,0
CUST_00101,27,25,21.91,3585.67,405,5,Month-to-month,Fiber optic,Bank transfer,Yes,Yes,0
CUST_00102,79,46,96.32,4885.47,92,0,Two year,DSL,Credit card,Yes,Yes,0
CUST_00103,53,55,41.9,7358.0,429,9,Two year,DSL,Credit card,No,Yes,0
CUST_00104,31,62,103.53,2961.92,653,0,Month-to-month,Fiber optic,Mailed check,No,No,0
CUST_00105,48,47,118.71,5833.16,433,2,Two year,DSL,Credit card,Yes,No,0
CUST_00106,65,60,85.06,7166.18,403,7,Two year,DSL,Bank transfer,Yes,Yes,0
CUST_00107,32,25,90.51,3702.24,433,7,Two year,DSL,Credit card,Yes,No,0
CUST_00108,25,35,143.69,3603.3,111,3,One year,DSL,Bank transfer,No,Yes,0
CUST_00109,31,0,130.13,4856.72,374,5,Month-to-month,No,Electronic check,Yes,No,1
CUST_00110,40,7,138.85,4772.11,58,7,Two year,DSL,Electronic check,No,No,0
CUST_00111,77,51,125.79,6472.06,42,6,Month-to-month,DSL,Bank transfer,No,Yes,1
CUST_00112,74,46,34.16,3864.22,206,6,Month-to-month,Fiber optic,Mailed check,Yes,Yes,0
CUST_00113,79,55,39.37,7969.37,295,3,Month-to-month,No,Credit card,Yes,No,0
CUST_00114,57,13,88.46,569.83,117,8,Two year,Fiber optic,Mailed check,Yes,Yes,0
CUST_00115,38,27,51.99,125.03,531,9,Two year,Fiber optic,Credit card,No,Yes,0
CUST_00116,33,1,81.97,5157.57,221,5,Month-to-month,Fiber optic,Electronic check,No,No,0
CUST_00117,62,25,71.27,2457.64,165,2,One year,No,Electronic check,Yes,No,0
CUST_00118,35,13,91.42,1999.02,642,4,Month-to-month,Fiber optic,Electronic check,No,No,0
CUST_00119,64,58,117.09,2564.0,155,4,One year,Fiber optic,Credit card,Yes,Yes,0
CUST_00120,70,55,113.01,2122.78,183,4,Month-to-month,Fiber optic,Electronic check,Yes,No,0
CUST_00121,41,6,87.76,343.24,89,7,Month-to-month,DSL,Electronic check,No,No,0
CUST_00122,43,2,126.91,7775.11,93,8,Month-to-month,Fiber optic,Electronic check,No,No,1
CUST_00123,42,22,76.01,1843.89,12,8,Two year,No,Electronic check,No,No,0
CUST_00124,77,17,136.57,5898.84,437,5,One year,No,Mailed check,No,No,0
CUST_00125,77,37,29.27,6124.51,537,5,One year,DSL,Electronic check,Yes,Yes,0
CUST_00126,77,14,144.11,7441.13,586,8,Month-to-month,No,Electronic check,Yes,No,1
CUST_00127,62,63,105.11,341.34,149,3,Two year,No,Mailed check,Yes,No,0
CUST_00128,58,27,69.41,6989.18,659,5,Two year,DSL,Mailed check,No,Yes,0
CUST_00129,46,38,45.63,4265.09,7,3,One year,Fiber optic,Credit card,Yes,No,0
CUST_00130,32,56,82.29,5097.1,28,0,Two year,DSL,Bank transfer,No,No,0
CUST_00131,62,16,45.29,5191.32,295,6,One year,Fiber optic,Electronic check,No,Yes,0
CUST_00132,18,43,41.62,6576.4,639,9,One year,Fiber optic,Electronic check,No,No,0
CUST_00133,42,24,100.26,2733.92,339,5,One year,No,Electronic check,Yes,Yes,0
CUST_00134,24,16,88.0,5891.1,627,8,Two year,DSL,Credit card,No,No,0
CUST_00135,26,12,107.11,4275.77,438,6,One year,No,Electronic check,No,Yes,1
CUST_00136,41,24,140.85,6367.81,143,6,One year,No,Bank transfer,No,Yes,0
CUST_00137,18,67,89.19,7925.31,518,1,Month-to-month,Fiber optic,Mailed check,No,No,0
CUST_00138,61,9,95.52,1685.14,44,8,One year,No,Credit card,No,Yes,0
CUST_00139,25,66,31.65,7957.72,238,9,One year,DSL,Mailed check,No,Yes,0
CUST_00140,41,17,113.29,809.52,154,8,Month-to-month,No,Electronic check,No,No,1
CUST_00141,28,33,71.99,118.31,180,5,Month-to-month,No,Electronic check,No,No,0
CUST_00142,68,7,146.97,448.88,214,2,Two year,Fiber optic,Electronic check,No,Yes,0
CUST_00143,34,39,127.01,2800.08,87,0,One year,DSL,Bank transfer,No,No,0
CUST_00144,25,41,87.92,5099.96,255,3,Two year,No,Bank transfer,No,Yes,0
CUST_00145,52,40,36.02,645.33,510,2,Two year,Fiber optic,Credit card,No,Yes,0
CUST_00146,52,5,131.72,144.76,72,0,Month-to-month,No,Mailed check,Yes,No,1
CUST_00147,50,51,123.97,7503.02,178,2,Two year,DSL,Electronic check,Yes,No,0
CUST_00148,76,25,44.0,6593.22,211,3,One year,No,Electronic check,No,Yes,0
CUST_00149,22,63,58.39,6492.55,233,7,Month-to-month,No,Electronic check,No,No,0
CUST_00150,59,58,123.14,7086.95,464,8,One year,Fiber optic,Electronic check,No,No,0
CUST_00151,56,55,44.08,5630.27,222,2,One year,No,Bank transfer,Yes,Yes,0
CUST_00152,75,58,139.31,924.79,630,5,Month-to-month,Fiber optic,Mailed check,Yes,Yes,0
CUST_00153,58,69,75.19,3252.89,263,9,One year,DSL,Mailed check,Yes,Yes,0
CUST_00154,45,32,31.32,5812.88,206,4,Month-to-month,No,Credit card,No,Yes,0
CUST_00155,24,52,126.05,2314.64,606,5,One year,DSL,Bank transfer,No,Yes,0
CUST_00156,26,21,68.56,5530.51,365,3,Month-to-month,DSL,Electronic check,No,Yes,0
CUST_00157,25,20,88.44,293.54,275,9,Two year,No,Mailed check,No,No,0
CUST_00158,29,69,34.6,2518.48,379,5,One year,Fiber optic,Mailed check,Yes,Yes,0
CUST_00159,51,69,20.34,4438.13,308,6,Month-to-month,DSL,Bank transfer,No,No,0
CUST_00160,50,3,102.94,5093.51,630,8,One year,DSL,Credit card,Yes,No,1
CUST_00161,65,61,86.97,4658.62,267,9,One year,No,Credit card,Yes,Yes,0
CUST_00162,72,61,97.16,5612.27,63,6,One year,No,Electronic check,No,No,0
CUST_00163,40,23,123.19,148.1,349,5,Month-to-month,No,Credit card,Yes,Yes,0
CUST_00164,79,54,104.06,897.44,493,0,Two year,No,Mailed check,Yes,No,0
CUST_00165,41,8,42.72,6964.66,522,1,Two year,No,Credit card,Yes,Yes,0
CUST_00166,54,2,66.9,5485.81,97,0,Two year,No,Electronic check,Yes,Yes,0
CUST_00167,52,30,137.77,992.16,70,8,Month-to-month,Fiber optic,Mailed check,No,Yes,1
CUST_00168,61,39,120.09,6752.39,363,9,Two year,DSL,Credit card,No,Yes,0
CUST_00169,57,35,92.36,2013.63,569,9,Month-to-month,Fiber optic,Credit card,Yes,No,0
CUST_00170,39,23,53.23,3878.25,275,8,One year,Fiber optic,Bank transfer,No,No,0
CUST_00171,44,5,59.27,1247.05,49,6,One year,No,Electronic check,Yes,No,1
CUST_00172,52,65,115.15,5709.87,357,1,Two year,DSL,Credit card,No,No,0
CUST_00173,18,3,130.65,5368.15,563,5,Month-to-month,Fiber optic,Bank transfer,No,No,1
CUST_00174,52,5,107.29,1767.79,484,3,One year,No,Mailed check,No,Yes,1
CUST_00175,54,50,125.24,6920.87,83,0,Month-to-month,No,Bank transfer,No,Yes,0
CUST_00176,64,61,119.67,3270.32,637,0,Month-to-month,DSL,Bank transfer,No,Yes,0
CUST_00177,31,56,39.46,2410.87,583,4,One year,Fiber optic,Credit card,Yes,Yes,0
CUST_00178,20,65,75.11,1303.4,295,1,Month-to-month,Fiber optic,Credit card,No,Yes,0
CUST_00179,18,7,39.89,2202.73,235,3,One year,Fiber optic,Credit card,Yes,No,0
CUST_00180,22,25,50.58,274.01,55,0,One year,No,Bank transfer,Yes,Yes,0
CUST_00181,43,50,133.0,4707.73,359,3,One year,DSL,Mailed check,No,Yes,0
CUST_00182,72,44,81.48,6753.62,109,5,Month-to-month,DSL,Electronic check,Yes,No,0
CUST_00183,31,43,89.6,4436.95,191,9,One year,Fiber optic,Bank transfer,No,No,0
CUST_00184,56,4,43.2,1832.26,92,3,Month-to-month,No,Credit card,Yes,Yes,0
CUST_00185,44,69,60.6,365.99,567,0,One year,Fiber optic,Electronic check,Yes,Yes,0
CUST_00186,26,25,49.93,1795.56,59,6,One year,DSL,Mailed check,No,No,0
CUST_00187,32,67,46.8,3387.36,649,1,Two year,No,Electronic check,No,Yes,0
CUST_00188,32,18,102.93,6100.93,38,8,Two year,Fiber optic,Credit card,No,Yes,0
CUST_00189,43,19,53.39,1583.96,539,2,Two year,Fiber optic,Bank transfer,No,Yes,0
CUST_00190,59,11,102.16,5786.35,48,7,Month-to-month,No,Bank transfer,Yes,No,1
CUST_00191,77,46,27.6,6948.77,419,7,Month-to-month,DSL,Credit card,No,Yes,0
CUST_00192,30,0,38.43,3686.18,636,2,One year,No,Bank transfer,Yes,Yes,0
CUST_00193,68,13,55.69,6589.31,12,3,One year,Fiber optic,Credit card,Yes,No,0
CUST_00194,49,63,97.62,4481.79,35,1,One year,Fiber optic,Bank transfer,Yes,No,0
CUST_00195,56,37,107.86,5133.02,100,3,One year,Fiber optic,Bank transfer,Yes,No,0
CUST_00196,66,36,77.55,4257.6,85,8,Month-to-month,Fiber optic,Bank transfer,Yes,Yes,0
CUST_00197,69,10,77.95,3759.06,515,1,One year,DSL,Mailed check,Yes,No,0
CUST_00198,78,2,114.19,1953.76,222,2,One year,DSL,Mailed check,No,Yes,1
CUST_00199,49,32,22.06,2495.23,337,3,Two year,Fiber optic,Credit card,Yes,No,0
CUST_00200,21,5,64.34,2390.76,165,4,One year,DSL,Mailed check,Yes,Yes,0
CUST_00201,47,49,126.43,4549.98,382,0,One year,DSL,Credit card,Yes,No,0
CUST_00202,54,9,98.42,1047.63,375,6,One year,DSL,Electronic check,No,Yes,0
CUST_00203,40,4,63.84,7342.65,470,9,Month-to-month,Fiber optic,Electronic check,No,Yes,1
CUST_00204,56,22,137.72,5793.18,641,6,Two year,No,Mailed check,Yes,No,0
CUST_00205,62,9,120.44,3271.42,30,8,One year,No,Electronic check,No,No,0
CUST_00206,32,43,54.44,1353.13,374,3,One year,No,Electronic check,Yes,Yes,0
CUST_00207,60,1,103.89,7067.74,10,5,Two year,Fiber optic,Bank transfer,No,No,0
CUST_00208,46,12,97.45,6607.85,301,1,One year,DSL,Bank transfer,Yes,Yes,0
CUST_00209,53,39,72.15,5801.6,95,3,Month-to-month,DSL,Credit card,No,No,0
CUST_00210,30,1,67.7,2245.22,189,1,One year,Fiber optic,Electronic check,No,No,0
CUST_00211,49,64,64.66,3279.33,452,9,Month-to-month,Fiber optic,Credit card,No,Yes,0
CUST_00212,24,62,100.23,911.71,191,4,Month-to-month,No,Credit card,Yes,No,0
CUST_00213,76,16,77.51,1593.41,485,6,One year,No,Electronic check,Yes,No,0
CUST_00214,68,8,128.14,6285.83,265,0,Two year,Fiber optic,Mailed check,Yes,Yes,0
CUST_00215,39,14,107.05,5748.81,423,9,Month-to-month,No,Electronic check,No,Yes,1
CUST_00216,45,23,29.09,4788.54,127,9,Two year,DSL,Bank transfer,No,No,0
CUST_00217,19,37,103.22,7176.24,237,6,One year,Fiber optic,Electronic check,Yes,Yes,0
CUST_00218,59,34,55.25,4707.81,354,9,Month-to-month,Fiber optic,Mailed check,No,No,0
CUST_00219,62,48,97.07,3789.05,111,5,One year,DSL,Credit card,Yes,No,0
CUST_00220,79,68,108.42,2788.93,445,5,Two year,DSL,Credit card,Yes,Yes,0
CUST_00221,74,61,50.01,7529.54,342,7,One year,DSL,Bank transfer,Yes,Yes,0
CUST_00222,70,59,79.39,753.45,144,7,One year,No,Bank transfer,Yes,Yes,0
CUST_00223,23,49,44.74,7454.01,64,5,Month-to-month,Fiber optic,Bank transfer,No,Yes,0
CUST_00224,45,8,26.8,6631.05,246,2,One year,No,Credit card,No,Yes,0
CUST_00225,45,33,69.2,1126.45,489,4,One year,DSL,Bank transfer,No,Yes,0
CUST_00226,61,34,67.18,4563.38,438,1,One year,No,Electronic check,Yes,No,0
CUST_00227,61,0,149.41,6945.73,105,4,Month-to-month,DSL,Credit card,No,No,1
CUST_00228,37,39,78.03,4617.29,180,8,Two year,No,Mailed check,Yes,Yes,0
CUST_00229,47,63,63.36,7266.88,183,9,Two year,No,Credit card,Yes,No,0
CUST_00230,79,21,95.46,7549.57,225,0,One year,DSL,Electronic check,Yes,No,0
CUST_00231,28,59,31.54,3436.84,88,9,Month-to-month,No,Electronic check,Yes,No,0
CUST_00232,75,63,145.02,3080.78,687,4,One year,Fiber optic,Bank transfer,Yes,No,0
CUST_00233,72,71,102.54,7496.94,529,5,Two year,No,Credit card,Yes,Yes,0
CUST_00234,45,10,118.13,5433.61,370,6,Month-to-month,No,Credit card,No,No,1
CUST_00235,42,13,42.16,1016.58,398,8,Two year,Fiber optic,Credit card,No,No,0
CUST_00236,56,59,73.23,434.1,105,5,Two year,DSL,Mailed check,No,Yes,0
CUST_00237,79,29,74.95,4560.57,270,4,Month-to-month,Fiber optic,Bank transfer,No,Yes,0
CUST_00238,50,34,126.83,7448.35,502,6,Month-to-month,No,Electronic check,Yes,Yes,1
CUST_00239,18,36,20.16,6769.56,678,0,One year,DSL,Electronic check,Yes,Yes,0
CUST_00240,74,4,59.11,5439.2,524,4,One year,No,Bank transfer,No,No,0
CUST_00241,44,25,147.56,1199.02,31,1,Two year,No,Electronic check,No,Yes,0
CUST_00242,79,61,81.74,2108.43,392,3,Month-to-month,Fiber optic,Electronic check,No,No,0
CUST_00243,74,3,69.73,7016.54,39,6,Month-to-month,Fiber optic,Bank transfer,No,No,1
CUST_00244,69,41,35.58,1544.18,659,4,One year,DSL,Electronic check,No,Yes,0
CUST_00245,30,17,146.64,2299.67,217,5,Two year,DSL,Credit card,No,Yes,0
CUST_00246,58,39,22.6,1123.85,81,1,Two year,DSL,Mailed check,No,Yes,0
CUST_00247,20,71,115.83,5441.26,719,2,One year,No,Bank transfer,No,Yes,0
CUST_00248,56,38,119.92,7557.46,200,6,Month-to-month,Fiber optic,Mailed check,Yes,Yes,1
CUST_00249,23,13,51.68,2224.85,446,1,One year,Fiber optic,Electronic check,Yes,Yes,0
CUST_00250,25,31,107.3,3855.71,427,5,One year,Fiber optic,Electronic check,Yes,No,0
CUST_00251,44,50,32.08,5111.28,37,4,One year,DSL,Credit card,Yes,No,0
CUST_00252,26,37,53.42,7995.78,210,9,One year,Fiber optic,Bank transfer,No,No,0
CUST_00253,79,22,122.43,927.98,443,0,Month-to-month,Fiber optic,Electronic check,Yes,No,0
CUST_00254,54,62,132.41,4038.71,326,9,One year,Fiber optic,Bank transfer,No,Yes,0
CUST_00255,50,14,99.1,3142.45,226,3,Month-to-month,DSL,Bank transfer,Yes,Yes,0
CUST_00256,68,24,85.89,6939.98,47,1,One year,Fiber optic,Bank transfer,No,No,0
CUST_00257,59,16,40.71,3860.15,17,3,Two year,DSL,Bank transfer,No,No,0
CUST_00258,61,65,28.2,976.72,438,0,Month-to-month,Fiber optic,Bank transfer,Yes,No,0
CUST_00259,41,52,35.29,5111.95,707,1,Two year,Fiber optic,Mailed check,Yes,Yes,0
CUST_00260,32,50,49.56,6189.17,186,7,One year,Fiber optic,Credit card,No,Yes,0
CUST_00261,76,38,64.42,122.76,344,5,One year,DSL,Bank transfer,No,Yes,0
CUST_00262,71,50,69.52,6885.76,223,1,One year,DSL,Mailed check,No,No,0
CUST_00263,49,69,65.02,1569.58,487,5,Month-to-month,Fiber optic,Electronic check,Yes,No,0
CUST_00264,49,5,51.08,4461.35,228,9,Two year,No,Bank transfer,Yes,Yes,1
CUST_00265,41,66,86.26,3384.8,389,8,Month-to-month,DSL,Electronic check,No,Yes,0
CUST_00266,58,6,127.29,5785.27,588,6,Month-to-month,DSL,Bank transfer,Yes,No,1
CUST_00267,69,50,56.36,3032.18,187,8,One year,Fiber optic,Mailed check,No,No,0
CUST_00268,66,71,142.51,6971.13,269,4,Two year,No,Mailed check,Yes,Yes,0
CUST_00269,79,41,133.53,5870.92,606,6,One year,Fiber optic,Mailed check,Yes,No,0
CUST_00270,66,63,41.03,5216.93,309,6,Month-to-month,DSL,Credit card,Yes,Yes,0
CUST_00271,75,14,122.22,6390.3,131,2,One year,DSL,Electronic check,Yes,Yes,0
CUST_00272,69,28,94.7,6056.78,550,6,Two year,Fiber optic,Credit card,Yes,No,0
CUST_00273,29,32,93.65,383.92,71,0,One year,Fiber optic,Bank transfer,No,No,0
CUST_00274,79,26,70.84,3218.4,671,8,Two year,No,Electronic check,No,No,0
CUST_00275,56,35,85.15,7453.38,186,9,Two year,No,Mailed check,Yes,Yes,0
CUST_00276,19,28,71.63,1093.22,485,5,One year,DSL,Electronic check,No,No,0
CUST_00277,20,37,90.17,5923.06,190,4,Month-to-month,No,Mailed check,No,No,0
CUST_00278,66,56,101.63,7799.28,421,6,One year,No,Credit card,Yes,Yes,0
CUST_00279,54,26,107.66,512.37,119,4,Month-to-month,DSL,Credit card,No,Yes,0
CUST_00280,66,54,89.22,5489.33,219,9,Month-to-month,DSL,Mailed check,Yes,No,0
CUST_00281,73,32,113.78,3798.42,52,4,One year,DSL,Mailed check,No,Yes,0
CUST_00282,34,67,38.37,4675.48,450,9,Month-to-month,DSL,Bank transfer,No,Yes,0
CUST_00283,76,65,47.56,774.2,411,6,Month-to-month,Fiber optic,Credit card,No,Yes,0
CUST_00284,66,9,126.44,439.75,642,9,One year,DSL,Credit card,No,No,0
CUST_00285,19,4,61.93,5368.25,236,6,One year,DSL,Bank transfer,No,No,1
CUST_00286,19,37,22.98,6604.14,719,2,One year,DSL,Credit card,No,Yes,0
CUST_00287,45,12,39.99,6277.92,405,2,Month-to-month,No,Mailed check,No,Yes,0
CUST_00288,71,30,49.07,4396.07,607,9,Two year,DSL,Electronic check,Yes,Yes,0
CUST_00289,40,46,144.45,888.95,421,2,Month-to-month,Fiber optic,Electronic check,Yes,No,0
CUST_00290,54,51,94.5,5535.55,711,5,Two year,Fiber optic,Credit card,Yes,Yes,0
CUST_00291,49,55,141.25,2010.92,246,5,One year,DSL,Bank transfer,Yes,Yes,0
CUST_00292,50,14,94.77,7297.44,71,2,Two year,Fiber optic,Mailed check,No,No,0
CUST_00293,18,28,82.32,6722.3,184,2,One year,No,Electronic check,No,Yes,0
CUST_00294,36,7,60.78,5704.13,5,7,One year,DSL,Mailed check,No,No,0
CUST_00295,79,4,98.83,7595.88,205,7,Two year,Fiber optic,Credit card,Yes,No,0
CUST_00296,19,28,38.1,348.23,543,6,One year,Fiber optic,Credit card,Yes,No,0
CUST_00297,70,46,136.77,5915.98,610,9,Two year,DSL,Electronic check,Yes,Yes,0
CUST_00298,61,67,127.81,2708.92,386,3,One year,Fiber optic,Credit card,No,Yes,0
CUST_00299,43,44,61.28,7257.92,698,3,Month-to-month,DSL,Bank transfer,Yes,No,0
CUST_00300,49,1,143.86,2206.73,75,2,Month-to-month,Fiber optic,Credit card,No,Yes,1
CUST_00301,23,26,127.28,5826.37,176,4,One year,No,Credit card,Yes,No,0
CUST_00302,49,35,106.62,7033.41,348,2,One year,Fiber optic,Credit card,No,Yes,0
CUST_00303,72,35,35.83,429.09,254,7,Two year,Fiber optic,Mailed check,Yes,No,0
CUST_00304,21,25,82.17,3241.42,701,6,Month-to-month,DSL,Mailed check,No,No,0
CUST_00305,72,42,85.79,6122.24,307,2,Two year,Fiber optic,Electronic check,Yes,Yes,0
CUST_00306,28,26,50.23,3693.86,344,8,One year,DSL,Electronic check,Yes,Yes,0
CUST_00307,73,68,30.4,2211.3,126,4,One year,No,Electronic check,No,Yes,0
CUST_00308,76,19,120.97,1836.46,286,8,Two year,DSL,Credit card,No,Yes,0
CUST_00309,34,10,35.86,1138.99,595,6,One year,DSL,Mailed check,Yes,No,0
CUST_00310,55,37,97.26,6871.32,486,6,Month-to-month,Fiber optic,Bank transfer,No,No,0
CUST_00311,41,5,141.74,4645.31,382,5,Two year,No,Credit card,Yes,Yes,1
CUST_00312,22,71,133.89,703.44,405,1,Month-to-month,DSL,Credit card,No,Yes,0
CUST_00313,69,22,56.11,3122.38,387,8,Month-to-month,Fiber optic,Credit card,Yes,No,0
CUST_00314,51,46,130.69,3005.1,524,5,Month-to-month,Fiber optic,Bank transfer,No,Yes,0
CUST_00315,23,45,20.04,1535.74,556,7,Two year,DSL,Electronic check,Yes,Yes,0
CUST_00316,39,11,22.3,3540.51,638,0,One year,Fiber optic,Bank transfer,Yes,Yes,0
CUST_00317,28,12,98.33,2723.58,625,4,Month-to-month,DSL,Electronic check,Yes,Yes,0
CUST_00318,65,61,67.42,2800.25,275,0,Month-to-month,DSL,Bank transfer,No,No,0
CUST_00319,33,59,70.24,5938.31,499,9,Month-to-month,DSL,Mailed check,Yes,No,0
CUST_00320,50,42,93.38,1863.78,716,7,One year,No,Credit card,No,Yes,0
CUST_00321,26,67,44.93,5170.69,336,7,One year,DSL,Credit card,No,No,0
CUST_00322,77,4,47.53,4608.13,480,0,Two year,Fiber optic,Credit card,No,Yes,0
CUST_00323,76,36,83.0,4587.93,272,8,One year,No,Electronic check,Yes,Yes,0
CUST_00324,23,71,118.05,5337.76,57,1,Two year,Fiber optic,Bank transfer,No,Yes,0
CUST_00325,33,30,100.53,4432.22,327,8,Two year,No,Mailed check,No,No,0
CUST_00326,46,8,58.66,7046.12,108,0,Two year,No,Bank transfer,No,No,0
CUST_00327,20,50,75.94,5437.08,278,9,Two year,No,Credit card,Yes,No,0
CUST_00328,37,28,42.19,4421.01,685,8,Two year,No,Mailed check,No,No,0
CUST_00329,77,39,29.7,6655.13,327,3,Month-to-month,Fiber optic,Mailed check,No,No,0
CUST_00330,76,40,121.75,4888.56,314,8,One year,DSL,Credit card,No,Yes,0
CUST_00331,53,10,54.5,2400.04,473,6,Month-to-month,Fiber optic,Bank transfer,No,Yes,0
CUST_00332,36,22,43.11,1736.05,110,5,Two year,DSL,Credit card,Yes,No,0
CUST_00333,43,0,109.91,1303.39,698,4,One year,Fiber optic,Bank transfer,Yes,No,0
CUST_00334,20,45,100.35,7205.7,228,8,Month-to-month,No,Mailed check,No,No,1
CUST_00335,36,20,102.31,5710.07,496,1,Month-to-month,No,Mailed check,No,Yes,0
CUST_00336,37,35,49.76,7505.29,155,1,Two year,DSL,Credit card,No,No,0
CUST_00337,49,53,50.24,4866.01,472,8,Month-to-month,DSL,Mailed check,No,Yes,0
CUST_00338,24,56,48.7,3839.87,700,2,Month-to-month,Fiber optic,Electronic check,Yes,Yes,0
CUST_00339,69,0,42.59,571.76,271,7,Month-to-month,DSL,Mailed check,Yes,No,1
CUST_00340,58,62,105.24,5405.97,1,8,Month-to-month,Fiber optic,Electronic check,Yes,Yes,1
CUST_00341,50,53,130.24,4699.45,510,7,Month-to-month,DSL,Mailed check,Yes,Yes,1
CUST_00342,57,54,114.16,7922.65,285,3,Two year,DSL,Credit card,No,No,0
CUST_00343,56,39,122.97,1989.35,12,0,Two year,DSL,Credit card,No,Yes,0
CUST_00344,35,14,72.62,4292.83,607,3,Month-to-month,No,Electronic check,Yes,No,0
CUST_00345,57,20,105.03,5242.56,497,8,Two year,No,Credit card,Yes,Yes,0
CUST_00346,18,46,66.05,5192.27,237,1,Two year,Fiber optic,Mailed check,No,No,0
CUST_00347,28,52,88.32,4534.22,93,2,One year,DSL,Mailed check,No,No,0
CUST_00348,45,8,82.61,6237.73,337,9,Month-to-month,Fiber optic,Credit card,No,Yes,0
CUST_00349,74,51,43.0,1719.35,170,7,Two year,DSL,Mailed check,No,No,0
CUST_00350,42,56,70.32,5832.45,605,5,Two year,No,Bank transfer,No,Yes,0
CUST_00351,67,25,145.3,4995.9,660,7,Month-to-month,No,Bank transfer,Yes,Yes,1
CUST_00352,40,40,52.32,7178.99,623,6,One year,DSL,Mailed check,Yes,No,0
CUST_00353,48,34,37.39,6792.84,566,4,Month-to-month,DSL,Credit card,No,Yes,0
CUST_00354,47,62,74.42,2589.66,466,8,One year,No,Electronic check,No,No,0
CUST_00355,59,24,122.74,2282.27,627,3,Month-to-month,No,Credit card,Yes,Yes,0
CUST_00356,52,37,95.68,7855.06,142,5,Month-to-month,Fiber optic,Electronic check,No,Yes,0
CUST_00357,24,1,108.53,4265.39,200,1,Month-to-month,No,Credit card,Yes,No,1
CUST_00358,77,6,44.66,7260.73,179,1,Month-to-month,DSL,Mailed check,Yes,Yes,0
CUST_00359,33,33,100.46,1394.66,713,1,One year,Fiber optic,Bank transfer,Yes,Yes,0
CUST_00360,43,16,62.06,5178.27,363,9,One year,DSL,Credit card,Yes,Yes,0
CUST_00361,65,42,128.46,6497.9,478,6,Two year,Fiber optic,Electronic check,No,Yes,0
CUST_00362,74,58,101.81,7584.42,564,1,Month-to-month,DSL,Bank transfer,No,Yes,0
CUST_00363,69,50,45.85,2764.99,470,1,One year,No,Electronic check,Yes,Yes,0
CUST_00364,77,53,28.4,5827.35,383,8,One year,DSL,Mailed check,No,Yes,0
CUST_00365,66,23,25.54,4356.62,691,6,One year,Fiber optic,Bank transfer,No,Yes,0
CUST_00366,19,24,68.28,578.97,416,2,Month-to-month,DSL,Electronic check,No,No,0
CUST_00367,18,70,54.56,5551.0,307,2,Two year,Fiber optic,Credit card,No,Yes,0
CUST_00368,65,51,103.99,5551.76,648,6,One year,DSL,Mailed check,Yes,Yes,1
CUST_00369,79,69,84.91,7451.79,693,4,Month-to-month,No,Mailed check,No,No,0
CUST_00370,29,32,54.58,4028.77,366,9,One year,No,Mailed check,Yes,No,0
CUST_00371,22,48,39.4,1918.98,0,5,One year,DSL,Credit card,Yes,No,0
CUST_00372,54,28,36.54,452.05,43,7,Two year,DSL,Credit card,No,Yes,0
CUST_00373,49,62,132.41,3383.57,97,8,One year,DSL,Bank transfer,Yes,No,0
CUST_00374,76,21,51.65,2485.14,719,0,One year,Fiber optic,Credit card,No,No,0
CUST_00375,72,25,104.72,6112.6,264,2,Month-to-month,DSL,Bank transfer,No,Yes,0
CUST_00376,26,27,125.39,2898.72,139,6,Month-to-month,DSL,Mailed check,Yes,Yes,1
CUST_00377,58,48,99.83,7597.66,480,5,Two year,Fiber optic,Bank transfer,No,No,0
CUST_00378,52,70,131.74,7702.25,236,6,Month-to-month,No,Electronic check,Yes,No,1
CUST_00379,36,48,71.01,5005.18,71,7,Month-to-month,DSL,Mailed check,Yes,Yes,0
CUST_00380,65,19,144.31,7436.42,666,5,Two year,DSL,Mailed check,No,Yes,0
CUST_00381,33,62,37.31,6110.75,189,2,One year,No,Bank transfer,No,Yes,0
CUST_00382,20,60,33.28,4420.19,267,1,Two year,No,Mailed check,No,Yes,0
CUST_00383,37,48,105.63,1524.43,320,6,Month-to-month,Fiber optic,Credit card,Yes,Yes,1
CUST_00384,41,70,142.57,3722.92,106,0,Two year,DSL,Electronic check,No,No,0
CUST_00385,71,0,125.15,4530.91,231,2,One year,DSL,Bank transfer,Yes,Yes,1
CUST_00386,73,12,29.93,6925.3,41,3,Two year,Fiber optic,Bank transfer,Yes,Yes,0
CUST_00387,50,50,56.32,3902.53,701,0,Month-to-month,No,Mailed check,No,Yes,0
CUST_00388,41,55,140.94,7191.63,138,4,Month-to-month,Fiber optic,Credit card,No,Yes,0
CUST_00389,69,61,52.9,5427.36,614,9,Two year,No,Mailed check,No,Yes,0
CUST_00390,28,31,121.55,1182.29,682,2,One year,Fiber optic,Mailed check,Yes,No,0
CUST_00391,66,29,127.27,7960.35,272,1,Two year,No,Bank transfer,No,Yes,0
CUST_00392,25,28,84.41,4265.14,480,2,One year,Fiber optic,Mailed check,Yes,No,0
CUST_00393,53,48,70.23,3195.68,415,7,One year,No,Electronic check,No,Yes,0
CUST_00394,55,44,78.52,5307.0,505,5,Two year,No,Mailed check,No,No,0
CUST_00395,57,29,49.51,960.26,423,6,One year,No,Mailed check,Yes,No,0
CUST_00396,37,15,135.62,5128.66,406,5,Month-to-month,No,Bank transfer,Yes,Yes,0
CUST_00397,79,39,78.58,4036.06,567,5,Two year,No,Mailed check,No,Yes,0
CUST_00398,52,18,134.72,3312.73,389,2,One year,DSL,Credit card,No,Yes,0
CUST_00399,65,17,33.74,7628.86,341,7,Month-to-month,No,Bank transfer,No,Yes,1
CUST_00400,79,0,148.48,4228.06,613,6,Two year,DSL,Mailed check,No,Yes,1
CUST_00401,42,46,77.63,1831.03,492,6,Month-to-month,No,Electronic check,No,No,0
CUST_00402,52,65,26.22,3725.81,191,5,Month-to-month,DSL,Electronic check,Yes,Yes,0
CUST_00403,42,37,24.94,7363.16,498,4,Month-to-month,DSL,Bank transfer,Yes,Yes,0
CUST_00404,46,50,117.01,1491.15,711,9,One year,Fiber optic,Bank transfer,Yes,No,0
CUST_00405,35,62,105.67,1790.26,232,7,Two year,No,Mailed check,Yes,Yes,0
CUST_00406,63,3,124.28,202.93,226,4,Two year,Fiber optic,Credit card,No,No,1
CUST_00407,35,0,33.7,212.1,370,8,One year,Fiber optic,Mailed check,Yes,Yes,1
CUST_00408,19,7,24.62,6652.19,138,8,Two year,No,Electronic check,Yes,No,0
CUST_00409,71,28,86.12,5883.77,148,0,Month-to-month,Fiber optic,Credit card,Yes,Yes,0
CUST_00410,52,54,70.39,2904.82,114,5,Two year,No,Credit card,No,No,0
CUST_00411,33,2,80.05,5616.66,449,6,One year,Fiber optic,Credit card,Yes,No,1
CUST_00412,78,31,148.91,3222.13,62,2,Month-to-month,No,Mailed check,No,Yes,0
CUST_00413,58,9,146.2,7627.88,103,6,One year,No,Electronic check,Yes,Yes,0
CUST_00414,53,33,142.5,7739.72,667,6,Month-to-month,No,Bank transfer,No,Yes,1
CUST_00415,50,54,121.9,3203.07,272,1,Month-to-month,DSL,Mailed check,Yes,No,0
CUST_00416,21,31,66.13,6848.35,5,6,Two year,Fiber optic,Bank transfer,No,No,0
CUST_00417,50,49,73.58,6207.4,146,0,Month-to-month,DSL,Credit card,Yes,No,0
CUST_00418,31,6,91.45,2549.0,183,4,One year,Fiber optic,Credit card,No,Yes,0
CUST_00419,38,7,127.97,1933.11,27,8,Two year,Fiber optic,Mailed check,No,Yes,0
CUST_00420,65,64,28.93,3720.05,549,6,One year,Fiber optic,Electronic check,Yes,No,0
CUST_00421,37,56,75.16,6272.66,118,6,Month-to-month,DSL,Credit card,No,Yes,0
CUST_00422,73,66,30.74,7685.33,292,1,One year,Fiber optic,Bank transfer,No,No,0
CUST_00423,25,58,86.91,6132.27,370,7,One year,DSL,Bank transfer,Yes,Yes,0
CUST_00424,24,71,136.86,6856.14,243,2,Month-to-month,No,Mailed check,Yes,Yes,0
CUST_00425,20,53,121.72,4864.21,579,7,Two year,Fiber optic,Bank transfer,No,No,0
CUST_00426,34,66,49.62,6699.72,217,2,One year,Fiber optic,Electronic check,Yes,Yes,0
CUST_00427,50,50,146.88,6296.92,176,9,Month-to-month,No,Credit card,Yes,Yes,1
CUST_00428,65,7,106.76,3078.19,298,6,Two year,No,Bank transfer,Yes,Yes,0
CUST_00429,29,33,21.36,4460.72,675,1,Two year,Fiber optic,Bank transfer,No,Yes,0
CUST_00430,76,34,53.2,6457.55,57,3,Two year,No,Credit card,No,Yes,0
CUST_00431,68,31,53.89,463.85,268,5,One year,DSL,Mailed check,No,No,0
CUST_00432,39,45,29.0,6483.83,307,8,One year,DSL,Bank transfer,No,Yes,0
CUST_00433,72,15,144.78,1505.32,569,4,One year,Fiber optic,Mailed check,No,No,0
CUST_00434,39,67,82.17,4166.0,287,8,Two year,DSL,Mailed check,No,Yes,0
CUST_00435,63,36,136.46,6485.38,104,4,One year,DSL,Bank transfer,No,Yes,0
CUST_00436,47,53,61.89,2105.19,227,9,Month-to-month,Fiber optic,Electronic check,Yes,No,0
CUST_00437,55,13,36.28,2041.88,246,7,One year,No,Mailed check,No,No,0
CUST_00438,55,54,81.66,3281.84,699,0,One year,Fiber optic,Bank transfer,No,Yes,0
CUST_00439,62,47,34.81,7167.68,493,6,Two year,DSL,Mailed check,Yes,Yes,0
CUST_00440,68,6,83.18,103.5,82,3,One year,Fiber optic,Credit card,Yes,No,0
CUST_00441,71,6,139.64,7220.93,185,4,Month-to-month,Fiber optic,Electronic check,Yes,No,0
CUST_00442,25,32,87.7,1315.08,251,5,Two year,DSL,Electronic check,No,No,0
CUST_00443,44,22,100.14,7921.68,354,4,Month-to-month,DSL,Credit card,Yes,No,0
CUST_00444,44,18,40.36,7643.29,695,0,Two year,Fiber optic,Credit card,No,Yes,0
CUST_00445,51,18,25.69,4007.93,209,8,Two year,DSL,Mailed check,No,Yes,0
CUST_00446,38,35,34.41,4150.49,608,1,One year,DSL,Credit card,No,Yes,0
CUST_00447,47,28,97.81,3904.24,446,8,Month-to-month,DSL,Electronic check,Yes,Yes,0
CUST_00448,50,59,32.35,5120.0,459,9,Two year,DSL,Credit card,Yes,Yes,0
CUST_00449,45,1,68.88,816.7,471,1,One year,DSL,Bank transfer,No,No,0
CUST_00450,64,0,91.51,357.68,719,8,Two year,DSL,Bank transfer,No,No,1
CUST_00451,50,46,70.52,555.85,369,5,Two year,No,Mailed check,No,No,0
CUST_00452,22,68,41.28,3610.49,491,8,Two year,Fiber optic,Electronic check,Yes,Yes,0
CUST_00453,77,19,55.59,2276.83,136,5,Two year,DSL,Bank transfer,No,No,0
CUST_00454,78,10,140.68,5014.11,366,5,Two year,Fiber optic,Credit card,Yes,Yes,0
CUST_00455,65,1,107.88,7940.29,183,1,Two year,No,Bank transfer,No,Yes,1
CUST_00456,36,66,84.49,3151.95,587,7,One year,DSL,Bank transfer,Yes,Yes,0
CUST_00457,21,11,21.65,4633.35,286,2,Two year,Fiber optic,Mailed check,No,No,0
CUST_00458,52,19,149.01,3383.27,471,6,Month-to-month,DSL,Credit card,Yes,Yes,1
CUST_00459,66,4,107.29,6793.45,374,4,One year,DSL,Credit card,Yes,Yes,1
CUST_00460,34,36,61.2,7227.67,653,2,Month-to-month,DSL,Credit card,Yes,No,0
CUST_00461,61,37,134.3,7031.11,536,0,Two year,DSL,Mailed check,Yes,Yes,0
CUST_00462,45,8,53.6,7797.54,510,7,Month-to-month,DSL,Credit card,Yes,No,0
CUST_00463,47,52,90.72,317.4,578,2,Two year,DSL,Credit card,Yes,Yes,0
CUST_00464,46,43,102.69,6734.55,249,1,Two year,DSL,Bank transfer,No,No,0
CUST_00465,63,23,48.74,6039.0,509,0,One year,No,Bank transfer,No,Yes,0
CUST_00466,70,29,147.19,1906.69,629,3,One year,No,Credit card,No,Yes,0
CUST_00467,23,58,117.26,7654.93,72,7,Two year,DSL,Electronic check,No,No,1
CUST_00468,52,13,92.52,1270.61,281,2,One year,DSL,Electronic check,Yes,Yes,0
CUST_00469,77,8,43.48,5468.44,359,0,Month-to-month,No,Credit card,No,No,0
CUST_00470,58,39,27.0,1876.63,9,3,One year,No,Electronic check,Yes,Yes,0
CUST_00471,54,65,61.61,3507.91,210,8,One year,No,Mailed check,Yes,No,0
CUST_00472,41,24,117.91,5781.36,151,0,Month-to-month,DSL,Bank transfer,Yes,Yes,0
CUST_00473,46,21,55.01,4550.26,4,1,One year,Fiber optic,Mailed check,No,Yes,0
CUST_00474,66,3,90.14,3477.26,194,8,Two year,Fiber optic,Bank transfer,Yes,Yes,0
CUST_00475,63,25,114.63,2678.07,282,1,Month-to-month,Fiber optic,Electronic check,No,No,0
CUST_00476,70,57,34.03,6733.31,463,2,Two year,Fiber optic,Electronic check,No,No,0
CUST_00477,48,28,109.09,1236.13,112,6,Month-to-month,DSL,Credit card,No,No,1
CUST_00478,52,36,31.94,3497.81,270,2,Two year,Fiber optic,Electronic check,No,No,0
CUST_00479,77,69,145.47,7239.68,162,8,Two year,No,Electronic check,No,No,0
CUST_00480,50,17,83.49,6782.21,459,5,One year,No,Credit card,Yes,Yes,0
CUST_00481,69,41,39.59,3267.44,104,2,Two year,Fiber optic,Credit card,Yes,Yes,0
CUST_00482,78,40,64.51,6128.56,692,8,One year,No,Bank transfer,No,Yes,0
CUST_00483,38,37,73.74,6602.97,555,0,Month-to-month,DSL,Electronic check,Yes,Yes,0
CUST_00484,49,33,118.56,7122.21,281,9,Two year,Fiber optic,Bank transfer,No,Yes,0
CUST_00485,40,16,116.65,4401.6,686,2,Two year,Fiber optic,Bank transfer,Yes,No,0
CUST_00486,50,36,99.55,1715.24,161,0,Month-to-month,DSL,Mailed check,Yes,Yes,0
CUST_00487,20,24,33.77,2116.94,350,1,Month-to-month,No,Electronic check,Yes,No,0
CUST_00488,35,26,39.7,2435.99,433,7,Two year,DSL,Electronic check,Yes,Yes,0
CUST_00489,42,56,32.19,4791.04,139,6,Month-to-month,DSL,Mailed check,Yes,No,0
CUST_00490,59,30,95.03,359.2,470,1,One year,No,Bank transfer,Yes,No,0
CUST_00491,48,5,134.03,5124.74,131,1,Month-to-month,DSL,Electronic check,Yes,No,1
CUST_00492,71,39,76.39,2978.4,86,8,Month-to-month,No,Bank transfer,Yes,Yes,0
CUST_00493,75,11,40.91,2432.41,687,5,Two year,No,Mailed check,Yes,Yes,0
CUST_00494,20,52,92.55,7048.02,182,4,One year,DSL,Credit card,Yes,Yes,0
CUST_00495,57,70,125.53,3734.02,367,9,Month-to-month,No,Bank transfer,Yes,Yes,1
CUST_00496,63,9,116.42,850.92,128,5,One year,DSL,Electronic check,Yes,No,0
CUST_00497,41,44,134.59,6631.3,245,8,One year,No,Credit card,Yes,No,0
CUST_00498,67,16,56.13,476.37,600,6,One year,Fiber optic,Bank transfer,No,No,0
CUST_00499,49,25,45.21,5841.32,577,9,Two year,No,Bank transfer,Yes,No,0
CUST_00500,64,61,134.38,6213.86,669,9,Month-to-month,No,Credit card,Yes,Yes,1
CUST_00501,39,45,105.48,2885.56,377,8,Two year,DSL,Credit card,Yes,No,0
CUST_00502,40,63,60.42,6615.82,148,3,Month-to-month,No,Credit card,Yes,Yes,0
CUST_00503,19,1,116.51,4173.71,432,1,Month-to-month,Fiber optic,Electronic check,Yes,No,1
CUST_00504,44,53,125.97,3760.02,627,7,Two year,Fiber optic,Electronic check,Yes,No,0
CUST_00505,59,64,99.95,458.69,468,3,One year,No,Bank transfer,No,No,0
CUST_00506,19,50,109.42,2391.23,445,8,One year,No,Bank transfer,No,Yes,0
CUST_00507,43,52,68.78,7454.98,480,3,Month-to-month,Fiber optic,Mailed check,No,Yes,0
CUST_00508,34,35,90.03,3195.41,293,7,Two year,DSL,Electronic check,Yes,No,0
CUST_00509,57,25,88.14,4418.93,142,8,One year,Fiber optic,Bank transfer,Yes,No,0
CUST_00510,50,28,130.25,4302.97,249,8,One year,Fiber optic,Credit card,Yes,No,0
CUST_00511,26,20,129.2,4764.41,301,9,Month-to-month,No,Credit card,No,Yes,1
CUST_00512,60,10,128.25,584.51,24,3,Month-to-month,No,Electronic check,Yes,Yes,0
CUST_00513,71,39,21.43,2961.19,69,0,Two year,Fiber optic,Credit card,Yes,Yes,0
CUST_00514,65,10,117.44,5812.71,624,2,Month-to-month,DSL,Mailed check,No,No,0
CUST_00515,56,35,118.63,1684.43,111,8,One year,Fiber optic,Bank transfer,No,Yes,0
CUST_00516,46,58,108.19,1708.27,363,3,One year,Fiber optic,Bank transfer,Yes,No,0
CUST_00517,59,38,118.31,179.72,302,4,One year,DSL,Bank transfer,Yes,Yes,0
CUST_00518,72,53,129.46,3556.11,470,6,One year,Fiber optic,Electronic check,Yes,No,0
CUST_00519,43,54,81.14,7073.6,90,4,Two year,Fiber optic,Credit card,Yes,No,0
CUST_00520,52,23,85.27,510.02,529,3,Two year,No,Mailed check,No,Yes,0
CUST_00521,67,21,36.21,1609.84,660,1,Month-to-month,DSL,Electronic check,Yes,No,0
CUST_00522,42,68,70.1,2549.67,662,1,Month-to-month,No,Bank transfer,Yes,No,0
CUST_00523,41,55,103.64,5880.63,191,3,Month-to-month,No,Mailed check,No,No,0
CUST_00524,30,32,121.45,5161.02,551,9,Two year,DSL,Bank transfer,Yes,Yes,1
CUST_00525,77,35,48.24,3385.96,241,9,One year,DSL,Bank transfer,Yes,No,0
CUST_00526,75,19,37.92,6096.64,137,8,Month-to-month,Fiber optic,Electronic check,No,Yes,0
CUST_00527,24,61,106.2,4916.08,344,7,One year,No,Bank transfer,No,Yes,0
CUST_00528,74,25,20.24,7178.72,179,2,Month-to-month,DSL,Mailed check,Yes,No,0
CUST_00529,53,65,43.19,6562.41,711,8,Month-to-month,No,Bank transfer,No,Yes,0
CUST_00530,62,39,23.78,2097.23,502,4,Month-to-month,No,Credit card,No,No,0
CUST_00531,37,16,41.7,2244.36,202,2,Month-to-month,DSL,Bank transfer,Yes,Yes,0
CUST_00532,18,0,43.57,1090.32,572,4,Month-to-month,Fiber optic,Electronic check,No,No,1
CUST_00533,25,60,70.4,2762.02,191,9,One year,No,Mailed check,Yes,Yes,0
CUST_00534,63,42,72.3,7996.4,4,3,Month-to-month,DSL,Electronic check,Yes,No,0
CUST_00535,33,41,133.65,3305.43,236,7,One year,Fiber optic,Credit card,Yes,No,0
CUST_00536,31,24,86.31,1841.86,692,4,Two year,No,Bank transfer,Yes,No,0
CUST_00537,29,38,114.04,6123.61,310,9,Month-to-month,DSL,Electronic check,No,No,1
CUST_00538,68,34,33.54,4385.52,548,7,One year,No,Electronic check,Yes,Yes,0
CUST_00539,40,2,49.31,1281.85,55,8,Two year,DSL,Electronic check,Yes,Yes,1
CUST_00540,32,43,111.38,3107.45,442,3,Two year,DSL,Electronic check,Yes,No,0
CUST_00541,45,50,26.86,3374.31,236,6,Two year,No,Credit card,Yes,Yes,0
CUST_00542,51,11,83.26,6055.25,196,1,One year,No,Credit card,No,No,0
CUST_00543,19,18,97.92,263.3,584,5,Month-to-month,DSL,Bank transfer,No,No,0
CUST_00544,49,43,98.28,2225.26,570,7,Month-to-month,Fiber optic,Bank transfer,No,Yes,0
CUST_00545,40,58,22.98,4189.01,513,6,One year,No,Mailed check,Yes,Yes,0
CUST_00546,39,48,61.87,2223.89,448,6,Month-to-month,DSL,Credit card,No,No,0
CUST_00547,68,60,102.74,5064.63,359,7,One year,DSL,Electronic check,No,Yes,0
CUST_00548,42,16,39.37,3906.75,699,6,Month-to-month,Fiber optic,Electronic check,Yes,No,0
CUST_00549,75,56,110.4,2957.51,29,4,Two year,Fiber optic,Mailed check,No,Yes,0
CUST_00550,79,54,116.97,7598.75,107,6,Month-to-month,Fiber optic,Electronic check,Yes,Yes,1
CUST_00551,78,46,147.66,5094.06,601,9,One year,No,Mailed check,No,Yes,0
CUST_00552,39,11,47.28,1126.54,716,2,One year,DSL,Bank transfer,No,Yes,0
CUST_00553,75,61,127.27,4524.72,444,4,Two year,DSL,Credit card,No,Yes,0
CUST_00554,75,7,87.64,6267.78,437,6,One year,DSL,Mailed check,No,No,0
CUST_00555,39,20,68.55,5697.07,605,8,Month-to-month,Fiber optic,Electronic check,Yes,Yes,0
CUST_00556,66,69,35.91,1459.5,456,1,Month-to-month,DSL,Mailed check,Yes,Yes,0
CUST_00557,69,71,115.62,7782.12,614,3,Two year,No,Bank transfer,No,No,0
CUST_00558,59,24,50.66,3645.63,697,6,One year,Fiber optic,Electronic check,Yes,No,0
CUST_00559,23,11,68.28,1356.3,695,0,Two year,Fiber optic,Bank transfer,No,No,0
CUST_00560,32,14,28.13,1523.55,494,1,Month-to-month,Fiber optic,Bank transfer,No,Yes,0
CUST_00561,71,58,124.18,876.06,673,8,Two year,Fiber optic,Mailed check,No,Yes,0
CUST_00562,60,25,119.66,6447.79,246,9,One year,No,Bank transfer,No,No,0
CUST_00563,77,25,115.37,1064.04,542,6,Two year,DSL,Electronic check,No,No,0
CUST_00564,54,46,58.93,1088.49,563,9,One year,No,Bank transfer,No,No,0
CUST_00565,50,31,42.55,6818.73,587,6,One year,DSL,Bank transfer,Yes,No,0
CUST_00566,25,9,102.88,2822.37,438,5,Month-to-month,No,Mailed check,Yes,Yes,0
CUST_00567,70,15,84.5,343.78,277,2,Month-to-month,Fiber optic,Bank transfer,No,Yes,0
CUST_00568,77,70,43.17,509.97,551,9,Month-to-month,Fiber optic,Credit card,Yes,Yes,0
CUST_00569,61,16,109.17,1223.15,612,2,One year,No,Mailed check,No,Yes,0
CUST_00570,61,22,148.85,1785.81,110,1,Two year,No,Mailed check,Yes,Yes,0
CUST_00571,22,25,117.14,5354.65,384,5,One year,DSL,Electronic check,Yes,No,0
CUST_00572,56,6,116.2,1342.88,190,3,Month-to-month,No,Electronic check,Yes,Yes,0
CUST_00573,21,13,143.54,1039.11,489,4,Month-to-month,No,Electronic check,No,No,0
CUST_00574,23,6,46.38,6141.28,693,2,Two year,DSL,Electronic check,Yes,No,0
CUST_00575,62,8,93.52,5401.34,425,5,Month-to-month,DSL,Credit card,No,No,0
CUST_00576,49,47,147.35,3539.06,404,2,Month-to-month,DSL,Mailed check,No,Yes,0
CUST_00577,69,71,41.49,4439.55,334,7,Month-to-month,No,Bank transfer,No,No,0
CUST_00578,47,58,111.03,2564.67,208,8,Two year,DSL,Electronic check,Yes,Yes,0
CUST_00579,64,38,96.16,3911.75,21,3,One year,Fiber optic,Electronic check,Yes,No,0
CUST_00580,52,17,96.24,4102.71,677,8,Month-to-month,Fiber optic,Electronic check,Yes,Yes,0
CUST_00581,72,58,110.7,3159.17,610,6,Two year,Fiber optic,Bank transfer,No,No,0
CUST_00582,57,16,140.85,7261.92,207,2,Month-to-month,No,Electronic check,No,Yes,0
CUST_00583,69,13,121.74,226.89,7,6,Two year,Fiber optic,Bank transfer,Yes,No,0
CUST_00584,33,30,27.3,6279.15,701,0,Month-to-month,No,Mailed check,No,No,0
CUST_00585,30,23,130.85,1082.62,686,2,Two year,No,Mailed check,Yes,No,0
CUST_00586,67,59,49.32,6400.62,528,5,Month-to-month,Fiber optic,Mailed check,Yes,No,0
CUST_00587,77,44,69.0,4965.7,601,3,One year,DSL,Credit card,Yes,Yes,0
CUST_00588,59,2,80.03,6761.9,652,6,Month-to-month,No,Bank transfer,Yes,Yes,1
CUST_00589,47,36,82.52,870.36,656,2,Two year,Fiber optic,Electronic check,No,Yes,0
CUST_00590,36,42,76.57,4515.95,165,0,Month-to-month,No,Electronic check,Yes,No,0
CUST_00591,34,39,141.86,4058.59,495,8,One year,DSL,Electronic check,Yes,No,1
CUST_00592,73,54,111.78,5678.93,589,5,Month-to-month,DSL,Electronic check,Yes,No,0
CUST_00593,36,38,102.05,4320.9,428,7,Two year,Fiber optic,Credit card,Yes,No,0
CUST_00594,45,14,26.48,4371.8,162,2,Two year,No,Electronic check,Yes,No,0
CUST_00595,75,3,137.51,3493.81,365,7,One year,No,Credit card,Yes,No,1
CUST_00596,72,24,138.22,2539.79,525,1,Two year,No,Bank transfer,Yes,Yes,0
CUST_00597,43,12,121.43,3909.89,238,3,Month-to-month,No,Mailed check,No,Yes,0
CUST_00598,54,32,20.91,1036.09,71,2,Month-to-month,Fiber optic,Electronic check,No,Yes,0
CUST_00599,43,15,27.45,7695.96,444,9,Month-to-month,DSL,Mailed check,No,Yes,1
CUST_00600,70,41,49.28,5743.85,654,0,Two year,Fiber optic,Bank transfer,No,Yes,0
CUST_00601,79,65,37.08,7624.49,508,6,Month-to-month,No,Bank transfer,Yes,Yes,1
CUST_00602,40,54,71.85,1891.15,268,9,Month-to-month,No,Electronic check,No,Yes,0
CUST_00603,26,41,139.94,7046.79,414,1,Month-to-month,DSL,Bank transfer,No,Yes,0
CUST_00604,29,33,81.37,6489.44,244,3,One year,No,Mailed check,No,No,0
CUST_00605,70,29,21.74,5449.5,674,8,Two year,Fiber optic,Electronic check,Yes,No,0
CUST_00606,18,12,56.76,5037.73,59,5,Two year,Fiber optic,Credit card,No,No,0
CUST_00607,75,12,25.8,2600.74,5,7,Two year,DSL,Electronic check,No,No,0
CUST_00608,75,17,24.72,6549.65,708,1,One year,Fiber optic,Mailed check,Yes,No,0
CUST_00609,18,31,55.84,4061.97,569,6,Two year,Fiber optic,Electronic check,No,No,0
CUST_00610,64,38,55.83,660.04,406,5,One year,Fiber optic,Electronic check,Yes,No,0
CUST_00611,51,45,122.33,2571.62,216,8,One year,Fiber optic,Mailed check,No,Yes,0
CUST_00612,49,28,146.73,7488.85,25,6,Two year,No,Electronic check,Yes,Yes,1
CUST_00613,79,61,68.26,6820.37,4,0,Month-to-month,Fiber optic,Electronic check,No,No,0
CUST_00614,71,61,75.76,7857.06,531,7,Month-to-month,DSL,Mailed check,No,Yes,0
CUST_00615,65,56,129.82,5061.15,389,9,Two year,DSL,Bank transfer,No,Yes,0
CUST_00616,42,15,54.86,2055.33,709,2,Two year,Fiber optic,Mailed check,Yes,Yes,0
CUST_00617,57,55,40.33,1386.24,570,1,One year,DSL,Electronic check,No,Yes,0
CUST_00618,62,9,130.9,1576.62,447,2,Two year,Fiber optic,Credit card,Yes,Yes,0
CUST_00619,70,29,26.05,256.39,145,5,One year,DSL,Credit card,Yes,No,0
CUST_00620,18,24,100.56,3186.39,387,2,Two year,DSL,Mailed check,Yes,Yes,0
CUST_00621,33,4,93.06,1612.28,248,9,Month-to-month,Fiber optic,Credit card,Yes,No,1
CUST_00622,78,64,64.97,3352.08,525,4,Month-to-month,Fiber optic,Electronic check,No,No,0
CUST_00623,56,48,60.97,7486.46,461,5,Two year,No,Electronic check,No,No,0
CUST_00624,22,2,120.34,3501.27,12,7,One year,Fiber optic,Mailed check,No,Yes,1
CUST_00625,39,44,31.24,7036.08,383,6,Month-to-month,Fiber optic,Electronic check,Yes,No,0
CUST_00626,46,13,50.78,4883.49,555,7,One year,No,Bank transfer,No,No,0
CUST_00627,72,29,115.22,2052.34,398,2,Two year,Fiber optic,Electronic check,Yes,No,0
CUST_00628,20,67,91.28,2911.25,18,3,Two year,Fiber optic,Mailed check,Yes,No,0
CUST_00629,29,17,36.64,762.96,574,5,Month-to-month,No,Bank transfer,Yes,Yes,0
CUST_00630,43,61,134.68,2734.35,490,6,Two year,Fiber optic,Bank transfer,No,No,0
CUST_00631,33,36,71.15,5452.57,418,8,Month-to-month,Fiber optic,Credit card,No,No,0
CUST_00632,68,24,127.62,669.68,336,0,One year,No,Electronic check,Yes,No,0
CUST_00633,54,47,122.4,1722.67,418,7,Month-to-month,No,Mailed check,No,No,1
CUST_00634,39,64,101.18,3113.38,611,7,Month-to-month,DSL,Credit card,No,Yes,1
CUST_00635,74,52,84.28,7858.19,674,5,One year,Fiber optic,Credit card,Yes,No,0
CUST_00636,46,14,147.34,6300.41,121,3,Month-to-month,DSL,Electronic check,Yes,No,0
CUST_00637,31,48,38.85,5894.55,431,2,Month-to-month,DSL,Electronic check,No,No,0
CUST_00638,45,67,114.27,1017.91,43,2,Two year,No,Mailed check,Yes,No,0
CUST_00639,22,11,44.85,6269.87,316,5,One year,Fiber optic,Credit card,Yes,No,0
CUST_00640,64,58,63.97,6303.62,380,7,Month-to-month,Fiber optic,Mailed check,No,No,0
CUST_00641,66,36,60.13,4848.71,144,6,One year,No,Credit card,No,Yes,0
CUST_00642,47,60,143.11,7923.86,326,0,One year,DSL,Credit card,Yes,No,0
CUST_00643,63,42,145.76,2669.51,362,5,Month-to-month,No,Credit card,No,Yes,0
CUST_00644,79,69,43.79,7536.05,49,6,Two year,Fiber optic,Electronic check,Yes,Yes,0
CUST_00645,69,38,22.86,7326.38,64,6,One year,No,Credit card,Yes,No,0
CUST_00646,22,55,113.6,190.7,354,8,Month-to-month,Fiber optic,Credit card,No,Yes,1
CUST_00647,29,62,74.34,3655.92,163,9,One year,DSL,Credit card,Yes,No,0
CUST_00648,33,45,31.55,7819.12,140,4,Two year,Fiber optic,Bank transfer,Yes,Yes,0
CUST_00649,43,10,108.89,914.66,127,0,Two year,DSL,Electronic check,Yes,No,0
CUST_00650,43,61,90.86,4427.5,397,1,Two year,DSL,Bank transfer,No,Yes,0
CUST_00651,65,24,147.47,7833.76,462,3,Month-to-month,Fiber optic,Electronic check,No,Yes,0
CUST_00652,38,70,49.56,4488.41,186,4,Month-to-month,Fiber optic,Mailed check,No,No,0
CUST_00653,56,51,72.52,1599.54,719,8,Two year,DSL,Bank transfer,Yes,Yes,0
CUST_00654,53,3,90.53,4699.25,189,0,Month-to-month,No,Mailed check,Yes,Yes,1
CUST_00655,50,58,122.92,1715.08,387,2,Two year,Fiber optic,Credit card,No,Yes,0
CUST_00656,79,71,91.35,4205.66,428,4,Month-to-month,DSL,Mailed check,No,Yes,0
CUST_00657,47,19,99.68,684.93,283,2,Two year,DSL,Mailed check,No,Yes,0
CUST_00658,54,62,49.4,4883.31,236,3,One year,No,Mailed check,Yes,No,0
CUST_00659,40,53,130.1,4182.64,193,2,Two year,Fiber optic,Mailed check,No,Yes,0
CUST_00660,75,56,75.72,5947.27,286,3,Two year,DSL,Electronic check,Yes,Yes,0
CUST_00661,27,40,38.32,5082.53,135,0,Month-to-month,No,Bank transfer,No,No,0
CUST_00662,71,2,106.34,4441.89,170,7,Month-to-month,DSL,Electronic check,Yes,No,1
CUST_00663,22,5,48.09,5549.25,158,3,Month-to-month,Fiber optic,Electronic check,Yes,No,1
CUST_00664,53,4,32.68,1237.14,200,6,Month-to-month,No,Electronic check,No,Yes,1
CUST_00665,51,4,132.06,4803.34,486,1,Month-to-month,DSL,Mailed check,Yes,Yes,1
CUST_00666,69,53,79.82,1459.67,556,1,Month-to-month,No,Electronic check,No,Yes,0
CUST_00667,48,46,117.41,7411.63,582,5,One year,Fiber optic,Bank transfer,Yes,Yes,0
CUST_00668,27,48,57.78,639.84,503,1,Two year,No,Electronic check,Yes,No,0
CUST_00669,75,8,122.31,3499.96,370,5,Two year,Fiber optic,Credit card,No,No,0
CUST_00670,36,19,34.55,5596.8,102,1,Two year,DSL,Mailed check,Yes,Yes,0
CUST_00671,75,60,66.28,3718.38,124,3,One year,Fiber optic,Credit card,No,Yes,0
CUST_00672,49,34,147.15,827.55,312,6,Two year,DSL,Bank transfer,No,Yes,0
CUST_00673,18,49,123.22,4471.69,457,7,One year,DSL,Bank transfer,No,Yes,0
CUST_00674,73,61,84.64,5168.89,229,2,One year,Fiber optic,Bank transfer,Yes,No,0
CUST_00675,22,16,64.17,5659.96,657,8,One year,DSL,Bank transfer,Yes,No,0
CUST_00676,62,2,133.38,3048.75,196,1,Two year,No,Electronic check,Yes,Yes,1
CUST_00677,21,31,90.83,4552.91,422,7,One year,DSL,Mailed check,No,No,0
CUST_00678,33,12,118.6,3660.42,571,7,Two year,Fiber optic,Bank transfer,No,Yes,0
CUST_00679,41,67,118.03,5409.24,609,3,Two year,No,Credit card,Yes,Yes,0
CUST_00680,33,13,22.33,4710.1,170,0,Month-to-month,No,Bank transfer,Yes,No,0
CUST_00681,72,10,36.41,4253.47,381,0,Month-to-month,DSL,Mailed check,No,Yes,0
CUST_00682,19,55,105.75,2071.24,172,1,One year,DSL,Credit card,Yes,No,0
CUST_00683,66,66,41.01,115.95,662,8,One year,Fiber optic,Credit card,No,Yes,0
CUST_00684,45,28,53.21,1475.25,452,1,Two year,No,Credit card,Yes,No,0
CUST_00685,49,8,143.06,1024.82,349,1,One year,Fiber optic,Electronic check,No,Yes,0
CUST_00686,44,66,92.82,3647.77,633,5,One year,DSL,Bank transfer,Yes,No,0
CUST_00687,37,24,117.59,4936.84,493,6,Two year,No,Electronic check,Yes,Yes,0
CUST_00688,41,41,92.54,1783.37,619,6,One year,Fiber optic,Credit card,No,Yes,0
CUST_00689,29,8,91.83,7518.55,3,8,One year,Fiber optic,Electronic check,No,No,0
CUST_00690,67,39,32.24,152.79,92,5,Two year,Fiber optic,Electronic check,No,Yes,0
CUST_00691,52,24,64.68,6201.18,5,7,Two year,Fiber optic,Electronic check,Yes,No,0
CUST_00692,77,4,56.72,5039.12,287,5,Month-to-month,Fiber optic,Bank transfer,No,No,0
CUST_00693,50,10,70.79,3051.08,617,1,Two year,No,Credit card,No,Yes,0
CUST_00694,50,58,123.78,498.86,145,0,Month-to-month,Fiber optic,Credit card,Yes,Yes,0
CUST_00695,78,37,68.35,5057.14,423,4,One year,No,Bank transfer,No,Yes,0
CUST_00696,68,71,78.72,3146.35,607,8,Two year,Fiber optic,Electronic check,No,Yes,0
CUST_00697,60,4,71.66,7496.51,456,7,Two year,DSL,Electronic check,No,No,1
CUST_00698,54,47,32.14,4381.72,201,3,Two year,DSL,Mailed check,Yes,Yes,0
CUST_00699,29,17,77.34,7523.25,211,4,One year,Fiber optic,Mailed check,Yes,Yes,0
CUST_00700,20,69,45.43,1841.82,5,4,Month-to-month,DSL,Mailed check,Yes,Yes,0
CUST_00701,18,36,44.27,5833.23,623,5,One year,No,Bank transfer,No,No,0
CUST_00702,50,59,32.22,4976.27,375,2,One year,Fiber optic,Credit card,Yes,Yes,0
CUST_00703,57,47,66.37,5941.33,446,4,Two year,No,Mailed check,No,No,0
CUST_00704,27,27,118.47,1795.88,105,1,Month-to-month,Fiber optic,Credit card,No,Yes,0
CUST_00705,60,68,55.94,5353.46,650,9,One year,DSL,Credit card,No,No,0
CUST_00706,61,39,60.61,4034.52,400,0,Two year,No,Credit card,Yes,Yes,0
CUST_00707,46,44,103.55,5968.32,95,0,One year,DSL,Bank transfer,Yes,Yes,0
CUST_00708,30,61,45.46,2683.65,387,9,One year,DSL,Bank transfer,No,No,0
CUST_00709,29,57,136.6,7131.45,451,6,Two year,Fiber optic,Bank transfer,No,Yes,0
CUST_00710,48,66,87.62,765.98,415,1,Two year,No,Bank transfer,Yes,Yes,0
CUST_00711,63,55,78.19,6476.8,503,3,Month-to-month,DSL,Mailed check,Yes,Yes,0
CUST_00712,19,39,92.52,6904.43,453,4,One year,Fiber optic,Electronic check,Yes,No,0
CUST_00713,78,39,41.58,6556.29,290,6,Two year,Fiber optic,Electronic check,No,Yes,0
CUST_00714,68,32,99.75,4150.54,533,1,Two year,Fiber optic,Electronic check,Yes,No,0
CUST_00715,67,5,67.2,3563.24,192,5,Month-to-month,DSL,Mailed check,Yes,No,0
CUST_00716,52,18,136.63,7970.47,149,0,Month-to-month,Fiber optic,Electronic check,Yes,No,0
CUST_00717,40,39,41.95,1910.46,514,6,Two year,No,Mailed check,No,Yes,0
CUST_00718,34,58,85.92,4420.32,392,8,Month-to-month,No,Mailed check,Yes,No,0
CUST_00719,43,58,97.75,5398.34,315,4,Two year,DSL,Mailed check,No,No,0
CUST_00720,25,47,24.34,5636.85,75,4,One year,No,Electronic check,No,Yes,0
CUST_00721,46,40,67.28,1711.79,598,3,Month-to-month,Fiber optic,Credit card,No,No,0
CUST_00722,43,12,115.24,5266.55,269,2,One year,DSL,Electronic check,Yes,No,0
CUST_00723,27,44,126.65,6565.12,224,8,One year,Fiber optic,Electronic check,Yes,Yes,0
CUST_00724,43,52,60.71,495.15,529,4,One year,DSL,Bank transfer,Yes,Yes,0
CUST_00725,79,41,123.82,7301.02,112,7,Two year,DSL,Mailed check,No,No,1
CUST_00726,51,62,145.81,333.08,250,8,One year,Fiber optic,Credit card,Yes,Yes,0
CUST_00727,68,26,131.39,2912.17,232,4,One year,No,Bank transfer,No,Yes,0
CUST_00728,58,37,35.29,224.92,713,9,One year,No,Credit card,Yes,Yes,0
CUST_00729,24,59,116.16,709.45,82,8,Two year,DSL,Credit card,Yes,No,0
CUST_00730,21,6,61.56,7298.23,124,1,One year,Fiber optic,Mailed check,Yes,No,0
CUST_00731,75,4,148.49,2903.4,174,8,One year,Fiber optic,Electronic check,Yes,Yes,1
CUST_00732,70,44,83.1,3455.7,68,3,Month-to-month,DSL,Mailed check,No,No,0
CUST_00733,67,57,35.92,1801.22,46,5,Two year,No,Mailed check,No,Yes,0
CUST_00734,62,30,114.27,4817.06,255,5,One year,Fiber optic,Bank transfer,No,Yes,0
CUST_00735,28,22,61.99,4798.95,29,5,Month-to-month,No,Mailed check,No,Yes,0
CUST_00736,46,41,149.62,3040.38,280,1,Two year,No,Electronic check,Yes,Yes,0
CUST_00737,73,9,147.37,2730.98,236,6,Two year,DSL,Credit card,No,Yes,0
CUST_00738,53,31,105.3,7091.22,247,5,Two year,DSL,Mailed check,No,No,0
CUST_00739,42,52,36.88,3127.95,367,0,Two year,No,Credit card,No,No,0
CUST_00740,38,29,109.29,3998.66,494,1,Two year,Fiber optic,Mailed check,Yes,No,0
CUST_00741,78,38,32.09,2338.11,24,6,Two year,Fiber optic,Credit card,No,No,0
CUST_00742,74,30,23.82,6315.48,585,0,One year,DSL,Mailed check,No,Yes,0
CUST_00743,53,1,126.98,3239.84,717,0,One year,No,Bank transfer,Yes,Yes,1
CUST_00744,27,11,47.27,4157.53,489,0,One year,Fiber optic,Credit card,Yes,No,0
CUST_00745,54,38,69.27,2101.52,493,7,One year,Fiber optic,Mailed check,No,No,0
CUST_00746,26,65,146.55,7902.51,313,3,Month-to-month,DSL,Mailed check,No,Yes,0
CUST_00747,41,12,63.79,2402.82,605,3,One year,No,Bank transfer,Yes,Yes,0
CUST_00748,52,45,58.54,6188.87,374,1,Two year,Fiber optic,Bank transfer,No,Yes,0
CUST_00749,66,26,139.37,3477.22,638,0,One year,DSL,Bank transfer,Yes,No,0
CUST_00750,52,16,34.4,1729.12,24,9,One year,Fiber optic,Credit card,No,Yes,0
CUST_00751,65,59,118.75,6417.78,333,8,Two year,Fiber optic,Credit card,No,Yes,0
CUST_00752,53,63,148.45,2735.49,354,6,One year,Fiber optic,Bank transfer,No,No,0
CUST_00753,35,34,137.17,6935.03,115,3,One year,DSL,Electronic check,No,No,0
CUST_00754,66,69,104.72,7330.53,47,5,One year,No,Electronic check,No,No,0
CUST_00755,56,29,60.83,6892.61,98,1,Month-to-month,DSL,Mailed check,Yes,Yes,0
CUST_00756,49,70,53.06,376.56,458,6,One year,No,Electronic check,Yes,Yes,0
CUST_00757,41,62,126.5,6320.25,522,1,Two year,Fiber optic,Mailed check,No,No,0
CUST_00758,40,27,134.38,3349.58,596,9,Two year,No,Credit card,No,Yes,0
CUST_00759,79,59,88.31,7002.41,404,7,One year,Fiber optic,Credit card,No,Yes,0
CUST_00760,49,36,51.76,5139.84,213,7,One year,Fiber optic,Electronic check,Yes,Yes,0
CUST_00761,54,21,34.68,6685.78,684,0,One year,DSL,Credit card,Yes,No,0
CUST_00762,29,67,31.33,4045.51,502,7,Two year,Fiber optic,Bank transfer,Yes,No,0
CUST_00763,66,19,113.48,4326.7,447,1,Two year,DSL,Bank transfer,Yes,Yes,0
CUST_00764,72,67,74.62,1240.66,575,5,Month-to-month,No,Electronic check,Yes,Yes,0
CUST_00765,30,63,137.7,6293.5,257,0,Month-to-month,No,Electronic check,Yes,Yes,0
CUST_00766,40,16,116.16,3413.18,120,4,Month-to-month,Fiber optic,Mailed check,Yes,Yes,0
CUST_00767,42,11,44.86,4050.63,53,6,Two year,DSL,Credit card,Yes,No,0
CUST_00768,52,21,99.79,6302.27,330,9,Month-to-month,Fiber optic,Mailed check,No,No,0
CUST_00769,58,16,76.62,4830.88,240,0,One year,DSL,Mailed check,Yes,Yes,0
CUST_00770,47,9,95.04,1688.68,529,1,One year,DSL,Bank transfer,Yes,Yes,0
CUST_00771,34,64,115.95,4762.84,482,6,Two year,DSL,Bank transfer,Yes,No,0
CUST_00772,66,21,124.81,3320.3,186,5,Month-to-month,No,Bank transfer,Yes,Yes,0
CUST_00773,79,49,129.69,3809.25,655,2,One year,DSL,Bank transfer,No,No,0
CUST_00774,37,13,53.02,323.66,261,9,Two year,No,Mailed check,Yes,Yes,0
CUST_00775,65,63,24.05,1759.23,363,1,Month-to-month,DSL,Bank transfer,No,No,0
CUST_00776,42,46,116.11,2320.2,490,9,One year,No,Credit card,No,Yes,0
CUST_00777,39,28,33.82,5732.38,430,3,Month-to-month,No,Bank transfer,No,Yes,0
CUST_00778,30,35,60.94,190.79,238,2,Two year,No,Bank transfer,Yes,No,0
CUST_00779,76,51,20.5,3329.34,303,6,Month-to-month,Fiber optic,Bank transfer,Yes,No,0
CUST_00780,36,6,108.62,7399.81,297,7,Two year,DSL,Electronic check,Yes,Yes,0
CUST_00781,66,28,41.73,983.86,75,1,Month-to-month,Fiber optic,Credit card,No,Yes,0
CUST_00782,53,10,105.19,4179.75,699,9,One year,DSL,Credit card,No,No,0
CUST_00783,29,32,148.93,6313.53,332,6,Two year,DSL,Mailed check,No,No,0
CUST_00784,78,5,29.45,7546.0,641,7,Two year,Fiber optic,Mailed check,No,Yes,1
CUST_00785,58,31,30.02,5999.54,473,5,Two year,No,Bank transfer,Yes,Yes,0
CUST_00786,36,50,64.25,5792.47,282,5,Month-to-month,DSL,Electronic check,Yes,No,0
CUST_00787,29,57,132.63,6629.26,590,9,Month-to-month,No,Mailed check,Yes,No,1
CUST_00788,26,25,48.02,3624.99,71,0,One year,Fiber optic,Mailed check,No,No,0
CUST_00789,24,45,66.85,6466.17,262,3,Two year,No,Bank transfer,No,No,0
CUST_00790,45,28,28.91,162.92,702,0,Two year,DSL,Bank transfer,Yes,No,0
CUST_00791,31,3,119.21,7404.03,574,3,Month-to-month,DSL,Mailed check,Yes,Yes,1
CUST_00792,48,12,73.08,3602.12,11,1,Month-to-month,DSL,Mailed check,No,Yes,0
CUST_00793,69,38,118.7,4471.7,140,4,One year,Fiber optic,Credit card,Yes,No,0
CUST_00794,36,14,137.47,2113.57,554,9,One year,DSL,Electronic check,Yes,Yes,1
CUST_00795,75,28,50.26,5965.99,16,8,Month-to-month,Fiber optic,Credit card,No,Yes,0
CUST_00796,64,28,124.96,705.42,62,9,Two year,No,Mailed check,No,No,1
CUST_00797,33,31,27.68,6993.82,252,2,One year,DSL,Credit card,No,Yes,0
CUST_00798,70,1,136.85,6642.12,464,7,Month-to-month,DSL,Credit card,Yes,Yes,1
CUST_00799,22,46,104.6,1806.87,375,2,Month-to-month,DSL,Mailed check,No,Yes,0
CUST_00800,52,21,133.65,6493.66,519,5,Two year,No,Bank transfer,Yes,No,0
CUST_00801,29,26,20.02,6312.23,89,3,Month-to-month,DSL,Mailed check,Yes,No,0
CUST_00802,42,66,41.98,5094.51,719,7,Month-to-month,Fiber optic,Bank transfer,No,Yes,0
CUST_00803,69,55,70.67,3050.81,629,5,One year,No,Mailed check,Yes,Yes,0
CUST_00804,76,20,69.34,2244.84,174,7,Month-to-month,No,Mailed check,No,Yes,0
CUST_00805,38,46,49.47,1931.09,75,0,Month-to-month,No,Mailed check,No,Yes,0
CUST_00806,53,58,69.61,2617.01,612,5,One year,No,Electronic check,Yes,Yes,0
CUST_00807,70,5,36.75,7238.11,662,0,Two year,No,Bank transfer,Yes,Yes,0
CUST_00808,40,18,73.66,713.36,399,0,Two year,Fiber optic,Electronic check,No,No,0
CUST_00809,33,56,124.31,6648.08,70,7,One year,No,Mailed check,No,Yes,0
CUST_00810,74,68,82.28,2856.23,179,6,One year,DSL,Credit card,No,Yes,0
CUST_00811,56,2,22.34,4220.64,123,2,Two year,No,Electronic check,No,No,0
CUST_00812,62,0,74.79,6376.44,380,5,Two year,No,Bank transfer,No,Yes,0
CUST_00813,70,57,23.53,7086.57,292,8,Two year,No,Mailed check,No,Yes,0
CUST_00814,59,37,145.61,2823.77,194,6,Two year,No,Electronic check,Yes,Yes,0
CUST_00815,75,14,36.57,3748.56,227,2,Two year,No,Credit card,Yes,Yes,0
CUST_00816,56,33,112.0,3374.68,430,5,One year,Fiber optic,Electronic check,Yes,No,0
CUST_00817,31,60,146.46,204.68,435,3,Month-to-month,Fiber optic,Bank transfer,Yes,Yes,0
CUST_00818,48,34,127.39,2437.95,460,2,Two year,No,Electronic check,No,No,0
CUST_00819,75,63,110.91,3727.59,617,8,Two year,Fiber optic,Credit card,Yes,Yes,0
CUST_00820,22,24,129.13,3347.64,20,9,Month-to-month,DSL,Credit card,Yes,Yes,1
CUST_00821,52,23,147.63,5803.24,63,1,Month-to-month,No,Bank transfer,No,No,0
CUST_00822,40,11,100.77,3139.95,164,0,Month-to-month,DSL,Credit card,Yes,Yes,0
CUST_00823,46,17,92.69,3966.07,26,1,Month-to-month,DSL,Mailed check,No,No,0
CUST_00824,60,14,101.67,3493.91,310,6,Month-to-month,No,Credit card,No,No,1
CUST_00825,28,26,89.25,5950.95,284,9,Month-to-month,DSL,Mailed check,No,No,1
CUST_00826,35,71,102.56,6917.48,659,0,One year,DSL,Electronic check,No,Yes,0
CUST_00827,64,59,78.48,4301.92,280,5,Month-to-month,DSL,Mailed check,No,Yes,0
CUST_00828,29,45,48.4,6336.51,163,6,Month-to-month,No,Mailed check,Yes,Yes,1
CUST_00829,26,16,35.63,2444.61,223,8,One year,No,Electronic check,Yes,Yes,0
CUST_00830,27,52,28.88,4376.82,145,7,Month-to-month,DSL,Credit card,Yes,No,0
CUST_00831,75,7,54.23,2827.32,29,5,Two year,No,Mailed check,No,Yes,0
CUST_00832,61,26,26.0,3372.19,44,2,Two year,No,Credit card,Yes,Yes,0
CUST_00833,34,45,93.73,5886.07,470,7,Month-to-month,DSL,Electronic check,Yes,No,0
CUST_00834,78,49,56.9,7065.13,33,6,One year,No,Bank transfer,Yes,No,0
CUST_00835,55,70,127.19,1059.81,652,2,Two year,Fiber optic,Credit card,Yes,Yes,0
CUST_00836,24,2,29.65,5113.65,426,8,One year,No,Credit card,No,No,1
CUST_00837,63,63,49.43,4698.94,220,1,Two year,Fiber optic,Bank transfer,Yes,No,0
CUST_00838,30,43,114.93,1035.48,533,2,Month-to-month,DSL,Bank transfer,No,No,0
CUST_00839,57,52,97.85,1773.97,691,1,One year,No,Electronic check,No,No,0
CUST_00840,59,23,28.38,2556.92,366,0,One year,DSL,Credit card,Yes,No,0
CUST_00841,26,59,134.04,1418.76,549,3,One year,DSL,Credit card,No,Yes,0
CUST_00842,67,2,134.04,2025.46,581,4,Two year,DSL,Electronic check,No,Yes,1
CUST_00843,44,19,62.95,2214.05,115,5,Two year,DSL,Credit card,No,Yes,0
CUST_00844,75,45,64.25,2751.82,238,4,Two year,DSL,Mailed check,No,Yes,0
CUST_00845,19,14,148.57,6020.18,334,0,Month-to-month,No,Mailed check,No,Yes,0
CUST_00846,22,24,101.4,4618.11,440,2,Two year,Fiber optic,Mailed check,No,Yes,0
CUST_00847,46,70,89.07,7891.35,147,0,Month-to-month,No,Credit card,No,Yes,0
CUST_00848,54,16,128.96,3376.41,8,4,One year,No,Mailed check,Yes,No,0
CUST_00849,55,8,57.09,6055.53,287,4,One year,No,Mailed check,Yes,Yes,0
CUST_00850,36,37,75.79,6984.6,387,5,Month-to-month,No,Electronic check,No,Yes,0
CUST_00851,25,47,54.81,5463.93,49,7,Two year,Fiber optic,Electronic check,No,Yes,0
CUST_00852,65,59,122.59,3353.73,516,9,Month-to-month,No,Bank transfer,Yes,No,1
CUST_00853,62,62,94.54,6053.4,637,0,One year,DSL,Bank transfer,Yes,Yes,0
CUST_00854,18,1,105.65,1708.97,586,3,One year,No,Bank transfer,Yes,Yes,1
CUST_00855,39,71,52.8,2687.66,676,9,Month-to-month,No,Bank transfer,Yes,No,1
CUST_00856,69,10,48.63,4418.81,277,0,Two year,Fiber optic,Electronic check,No,Yes,0
CUST_00857,34,63,83.49,4645.73,299,8,Two year,Fiber optic,Electronic check,No,Yes,0
CUST_00858,24,71,115.88,274.92,588,6,Month-to-month,DSL,Electronic check,Yes,No,1
CUST_00859,42,20,88.28,7566.4,648,6,Month-to-month,No,Mailed check,Yes,Yes,0
CUST_00860,62,17,24.24,5603.36,617,4,Two year,No,Mailed check,Yes,No,0
CUST_00861,21,63,132.91,4016.06,606,6,One year,No,Bank transfer,Yes,Yes,1
CUST_00862,53,37,28.41,7471.71,134,1,Month-to-month,DSL,Mailed check,No,Yes,0
CUST_00863,23,31,144.26,3568.85,579,3,Two year,Fiber optic,Credit card,Yes,Yes,0
CUST_00864,77,10,23.27,7845.44,146,6,Two year,DSL,Electronic check,Yes,No,0
CUST_00865,48,44,110.28,4147.05,489,2,One year,No,Bank transfer,Yes,No,0
CUST_00866,36,32,30.69,1002.86,477,1,One year,Fiber optic,Bank transfer,No,No,0
CUST_00867,78,40,138.39,6141.93,158,9,One year,Fiber optic,Credit card,No,Yes,0
CUST_00868,61,7,80.38,5463.29,383,1,One year,DSL,Mailed check,No,Yes,0
CUST_00869,71,10,37.88,6206.6,162,0,One year,Fiber optic,Bank transfer,Yes,No,0
CUST_00870,56,50,64.31,7616.39,440,4,Month-to-month,Fiber optic,Mailed check,Yes,No,0
CUST_00871,44,40,41.43,6234.27,188,5,Two year,No,Mailed check,Yes,Yes,0
CUST_00872,27,16,42.18,4929.56,414,5,Month-to-month,No,Credit card,No,Yes,0
CUST_00873,43,45,143.25,6872.74,338,8,Month-to-month,Fiber optic,Bank transfer,No,Yes,1
CUST_00874,36,31,77.88,5418.65,606,3,Month-to-month,Fiber optic,Mailed check,Yes,Yes,0
CUST_00875,56,53,122.54,3324.14,180,0,Month-to-month,DSL,Mailed check,Yes,No,0
CUST_00876,79,19,103.15,7096.4,287,5,Month-to-month,DSL,Credit card,No,Yes,0
CUST_00877,20,32,107.94,1853.01,186,4,One year,Fiber optic,Credit card,Yes,Yes,0
CUST_00878,62,39,37.12,5745.67,137,9,One year,No,Mailed check,Yes,Yes,0
CUST_00879,30,31,50.44,7064.35,129,5,Two year,Fiber optic,Credit card,Yes,Yes,0
CUST_00880,67,1,122.28,5877.4,193,2,Month-to-month,Fiber optic,Mailed check,No,Yes,1
CUST_00881,45,32,146.2,5608.48,315,1,Two year,No,Bank transfer,Yes,Yes,0
CUST_00882,79,29,54.15,6045.84,143,5,One year,No,Electronic check,Yes,Yes,0
CUST_00883,75,32,55.3,3773.94,15,0,One year,DSL,Credit card,Yes,No,0
CUST_00884,37,25,81.48,7005.95,301,6,One year,DSL,Electronic check,Yes,No,0
CUST_00885,45,21,147.9,1707.15,422,6,Month-to-month,DSL,Mailed check,No,No,1
CUST_00886,25,65,54.96,1106.35,244,9,Month-to-month,DSL,Mailed check,No,Yes,0
CUST_00887,78,37,72.91,2355.52,106,6,One year,No,Mailed check,No,No,0
CUST_00888,58,45,135.89,4299.46,87,9,Two year,Fiber optic,Electronic check,Yes,Yes,0
CUST_00889,56,14,20.38,4133.44,128,0,Two year,DSL,Mailed check,No,Yes,0
CUST_00890,18,43,25.17,6582.73,340,3,One year,DSL,Credit card,Yes,Yes,0
CUST_00891,20,48,98.53,3296.09,3,6,Two year,No,Bank transfer,No,Yes,0
CUST_00892,30,60,137.96,3926.32,326,8,One year,No,Bank transfer,Yes,No,1
CUST_00893,45,66,51.05,205.6,409,4,Two year,Fiber optic,Credit card,No,Yes,0
CUST_00894,79,5,81.05,3336.94,305,1,One year,Fiber optic,Bank transfer,No,Yes,0
CUST_00895,74,8,78.56,5217.42,606,6,Two year,No,Electronic check,No,No,0
CUST_00896,77,5,81.49,222.52,224,9,Month-to-month,DSL,Mailed check,Yes,No,1
CUST_00897,66,31,100.93,2318.97,347,0,One year,DSL,Mailed check,Yes,No,0
CUST_00898,42,40,81.07,1742.86,320,6,One year,DSL,Mailed check,Yes,Yes,0
CUST_00899,73,7,78.17,431.68,558,5,Two year,Fiber optic,Electronic check,No,No,0
CUST_00900,50,71,81.66,3886.15,180,6,One year,DSL,Electronic check,Yes,Yes,0
CUST_00901,55,49,96.81,1535.61,617,9,One year,DSL,Electronic check,Yes,Yes,0
CUST_00902,70,61,89.81,5970.34,710,2,One year,No,Credit card,Yes,No,0
CUST_00903,23,61,131.04,6798.63,385,2,Month-to-month,DSL,Electronic check,Yes,No,1
CUST_00904,75,6,26.43,4410.12,617,6,Month-to-month,No,Bank transfer,Yes,No,0
CUST_00905,61,3,128.33,7855.49,107,1,Two year,DSL,Credit card,Yes,Yes,1
CUST_00906,62,5,129.71,3658.78,530,0,Month-to-month,Fiber optic,Credit card,No,Yes,1
CUST_00907,49,57,57.04,4155.61,409,8,Two year,DSL,Credit card,No,Yes,0
CUST_00908,62,21,80.17,7914.82,295,8,Month-to-month,DSL,Electronic check,Yes,Yes,0
CUST_00909,78,25,77.01,1929.23,170,6,Two year,No,Credit card,No,Yes,0
CUST_00910,64,2,48.41,7546.11,330,6,Month-to-month,No,Electronic check,No,Yes,1
CUST_00911,38,40,71.58,438.42,492,2,Month-to-month,No,Electronic check,Yes,No,0
CUST_00912,33,59,25.77,3626.46,194,9,Two year,DSL,Credit card,Yes,Yes,0
CUST_00913,71,13,56.12,653.03,11,1,One year,DSL,Mailed check,No,No,0
CUST_00914,38,11,126.17,5860.95,194,6,One year,Fiber optic,Mailed check,Yes,No,0
CUST_00915,28,11,56.99,4906.43,489,8,Month-to-month,DSL,Credit card,No,No,0
CUST_00916,77,12,126.37,5682.41,181,0,Two year,Fiber optic,Mailed check,No,No,0
CUST_00917,54,24,89.11,3058.4,655,3,One year,No,Bank transfer,No,No,0
CUST_00918,53,44,134.38,3018.91,315,5,Two year,No,Bank transfer,Yes,Yes,0
CUST_00919,52,18,94.72,458.02,693,6,One year,No,Electronic check,No,Yes,0
CUST_00920,36,54,23.86,2864.57,29,9,Two year,Fiber optic,Mailed check,Yes,Yes,0
CUST_00921,37,44,107.8,7441.38,595,6,Month-to-month,DSL,Bank transfer,Yes,Yes,0
CUST_00922,74,7,25.83,3095.89,677,9,Two year,No,Credit card,Yes,No,0
CUST_00923,35,52,78.58,6667.8,95,1,One year,DSL,Mailed check,Yes,No,0
CUST_00924,64,54,140.83,6754.37,380,3,Month-to-month,DSL,Bank transfer,Yes,No,0
CUST_00925,58,31,41.48,3048.61,443,4,Two year,No,Bank transfer,No,Yes,0
CUST_00926,66,50,70.68,5092.71,297,0,One year,Fiber optic,Credit card,Yes,Yes,0
CUST_00927,31,43,114.88,853.44,360,0,Month-to-month,DSL,Electronic check,Yes,Yes,0
CUST_00928,32,69,134.69,919.06,373,9,Two year,No,Credit card,Yes,Yes,0
CUST_00929,48,17,107.22,484.4,553,2,One year,DSL,Electronic check,Yes,No,0
CUST_00930,18,21,53.56,4690.02,302,9,Two year,DSL,Bank transfer,Yes,No,0
CUST_00931,70,36,107.7,3465.96,420,2,Two year,DSL,Electronic check,No,Yes,0
CUST_00932,71,55,58.57,4429.46,245,7,Month-to-month,DSL,Bank transfer,Yes,Yes,0
CUST_00933,71,58,113.4,4216.48,719,8,Month-to-month,DSL,Bank transfer,Yes,No,1
CUST_00934,20,2,144.02,2866.6,236,0,One year,Fiber optic,Mailed check,No,No,1
CUST_00935,33,27,113.78,5452.04,533,1,Month-to-month,Fiber optic,Electronic check,Yes,No,0
CUST_00936,40,34,132.17,6092.16,184,9,One year,No,Electronic check,No,No,0
CUST_00937,74,60,20.27,215.56,467,1,Two year,Fiber optic,Electronic check,No,Yes,0
CUST_00938,28,53,113.28,1737.21,362,3,Two year,Fiber optic,Credit card,No,No,0
CUST_00939,29,62,127.85,5734.56,282,1,One year,Fiber optic,Mailed check,No,No,0
CUST_00940,27,6,25.27,3154.3,552,6,Two year,DSL,Mailed check,Yes,No,0
CUST_00941,49,48,133.31,5333.62,335,8,Month-to-month,DSL,Mailed check,Yes,No,1
CUST_00942,33,30,53.37,2841.01,161,6,Two year,No,Credit card,No,Yes,0
CUST_00943,25,57,106.49,3186.97,159,5,Month-to-month,No,Electronic check,No,Yes,0
CUST_00944,55,60,124.05,1353.56,473,9,One year,No,Electronic check,Yes,Yes,0
CUST_00945,29,23,106.15,2140.03,600,0,One year,DSL,Electronic check,No,Yes,0
CUST_00946,41,19,32.0,4882.75,321,9,Two year,Fiber optic,Mailed check,No,Yes,0
CUST_00947,45,36,97.52,3521.99,11,8,Two year,Fiber optic,Mailed check,No,Yes,0
CUST_00948,70,3,91.45,6216.99,423,4,Month-to-month,DSL,Bank transfer,Yes,No,1
CUST_00949,25,19,137.04,6835.42,72,4,Month-to-month,No,Credit card,No,No,0
CUST_00950,75,59,72.55,4379.01,587,5,Two year,No,Credit card,Yes,No,0
CUST_00951,45,23,61.74,6090.31,200,8,Two year,No,Mailed check,Yes,No,0
CUST_00952,53,49,117.48,2524.55,521,7,One year,DSL,Bank transfer,Yes,Yes,0
CUST_00953,43,48,73.65,3378.27,504,7,One year,No,Electronic check,No,No,0
CUST_00954,25,50,103.99,5730.94,687,7,One year,No,Mailed check,No,Yes,0
CUST_00955,75,35,104.04,3151.07,38,0,Two year,DSL,Credit card,Yes,No,0
CUST_00956,77,65,135.45,4749.19,59,0,Two year,Fiber optic,Credit card,Yes,No,0
CUST_00957,67,33,97.83,1564.44,577,7,Two year,DSL,Credit card,Yes,No,0
CUST_00958,45,35,85.28,4838.19,320,4,One year,DSL,Electronic check,No,Yes,0
CUST_00959,45,5,38.05,6905.96,434,8,Two year,DSL,Credit card,No,No,1
CUST_00960,54,38,35.05,6962.25,635,1,Month-to-month,DSL,Electronic check,Yes,Yes,0
CUST_00961,58,41,40.06,5822.32,675,8,Two year,Fiber optic,Electronic check,Yes,Yes,0
CUST_00962,53,57,42.34,5991.45,407,7,Two year,No,Electronic check,No,No,0
CUST_00963,44,11,102.92,4507.63,385,8,Two year,DSL,Mailed check,Yes,Yes,0
CUST_00964,71,2,116.33,4718.88,670,3,Two year,Fiber optic,Electronic check,No,Yes,1
CUST_00965,34,17,88.9,1155.84,568,0,Two year,No,Bank transfer,No,No,0
CUST_00966,26,39,127.77,3606.49,77,0,Month-to-month,No,Credit card,Yes,No,0
CUST_00967,50,20,148.86,3661.13,193,4,Month-to-month,No,Mailed check,Yes,No,0
CUST_00968,70,14,126.6,7672.13,284,1,Two year,DSL,Credit card,No,No,0
CUST_00969,37,25,110.33,3505.59,526,7,One year,DSL,Electronic check,No,No,0
CUST_00970,30,7,89.22,4439.81,523,9,Two year,No,Mailed check,No,No,0
CUST_00971,45,41,78.35,4312.69,612,4,Two year,No,Bank transfer,No,Yes,0
CUST_00972,65,43,30.97,5130.42,155,4,Two year,No,Electronic check,No,No,0
CUST_00973,46,13,71.92,6011.04,339,1,One year,No,Credit card,Yes,No,0
CUST_00974,30,1,138.32,1877.83,124,6,One year,No,Bank transfer,No,Yes,1
CUST_00975,63,36,125.04,4276.92,279,7,One year,No,Electronic check,No,No,0
CUST_00976,52,68,48.09,6624.75,621,9,Month-to-month,Fiber optic,Bank transfer,No,Yes,0
CUST_00977,78,37,80.66,3758.61,657,0,One year,No,Electronic check,Yes,No,0
CUST_00978,23,40,126.17,2299.81,673,1,Month-to-month,DSL,Mailed check,Yes,No,0
CUST_00979,35,61,28.76,5272.2,127,9,Month-to-month,DSL,Electronic check,No,Yes,1
CUST_00980,68,59,70.36,6607.76,313,3,One year,DSL,Mailed check,No,No,0
CUST_00981,22,13,130.74,598.81,331,4,One year,No,Electronic check,Yes,Yes,0
CUST_00982,64,1,72.51,6236.64,149,1,One year,DSL,Electronic check,Yes,No,0
CUST_00983,42,69,30.09,6591.02,453,0,Month-to-month,Fiber optic,Credit card,Yes,No,0
CUST_00984,19,16,90.53,3746.03,35,8,Two year,No,Bank transfer,Yes,Yes,0
CUST_00985,27,27,132.03,7868.11,684,0,One year,DSL,Bank transfer,No,No,0
CUST_00986,73,65,96.74,6315.0,419,3,One year,Fiber optic,Bank transfer,Yes,No,0
CUST_00987,47,34,49.42,6211.93,21,1,One year,Fiber optic,Electronic check,No,Yes,0
CUST_00988,67,4,69.95,6007.92,205,3,Month-to-month,DSL,Electronic check,No,No,1
CUST_00989,76,64,78.52,1289.8,638,7,Month-to-month,Fiber optic,Electronic check,Yes,Yes,0
CUST_00990,62,39,95.3,1816.12,355,7,Two year,DSL,Mailed check,Yes,No,0
CUST_00991,22,55,118.72,3765.52,439,8,One year,Fiber optic,Mailed check,Yes,Yes,0
CUST_00992,72,35,32.85,2185.63,95,4,Month-to-month,No,Credit card,Yes,No,0
CUST_00993,73,44,135.65,3380.4,163,6,Two year,No,Electronic check,No,Yes,0
CUST_00994,50,22,21.6,7118.87,147,2,One year,No,Bank transfer,No,Yes,0
CUST_00995,71,46,68.11,6612.18,529,9,Month-to-month,No,Bank transfer,No,No,1
CUST_00996,18,30,23.56,5077.32,293,3,One year,No,Credit card,Yes,No,0
CUST_00997,35,10,71.09,6879.15,194,9,One year,DSL,Bank transfer,No,Yes,0
CUST_00998,49,9,88.36,6291.8,662,8,Month-to-month,No,Credit card,Yes,No,0
CUST_00999,64,66,86.52,3488.98,479,9,Month-to-month,No,Electronic check,No,Yes,1
CUST_01000,66,13,41.53,1688.41,122,9,Month-to-month,No,Bank transfer,Yes,No,0
